CONCEPT_NAME	DUMMY	CONCEPT_ID	RXNE_NAME	PRECEDENCE
DONNALIX INFANT DROPS		43252876	Donnalix	
DOZILE NATURAL SLEEP		43252806	Dozile	
DRAMAMINE JUNIOR		19021507	Dramamine	
DRICLOR MEN		21018043	Driclor	
DRICLOR WOMEN		21018043	Driclor	
DRIXINE ADULT DROPS		43252807	Drixine	
DRIXINE ADULT METERED PUMP REFILL		43252807	Drixine	
DRIXINE NO DRIP FORMULA		43252807	Drixine	
DRIXINE PAEDIATRIC DROPS		43252807	Drixine	
DRONALEN PLUS		43252820	Dronalen	
DRONALEN PLUS D-CAL		43252820	Dronalen	
DUATROL SR		43252836	Duatrol	
DULCOLAX SP DROPS		19021564	Dulcolax	
DUODOPA INTESTINAL GEL		43252858	Duodopa	
DUOFILM EXTRA STRENGTH GEL		19063209	Duofilm	
DURO-TUSS CHESTY COUGH FORTE		43252866	Duro-Tuss Chesty Cough Liquid Forte	1
DURO-TUSS CHESTY COUGH FORTE		43252873	Duro-Tuss Chesty Cough Tablet Forte	2
DURO-TUSS CHESTY COUGH LIQUID BROMHEXINE		43252865	Duro-Tuss	
DURO-TUSS CHESTY FORTE		43252865	Duro-Tuss	
DURO-TUSS CHILDREN'S COUGH LIQUID		43252865	Duro-Tuss	
DURO-TUSS COLD & ALLERGY CHILDREN ELIXIR		43252865	Duro-Tuss	
DURO-TUSS COLD & ALLERGY INFANT DROPS		43252865	Duro-Tuss	
DURO-TUSS COUGH LOZENGE Sugar Free		43252865	Duro-Tuss	
DUROTRAM XR ONCE DAILY		43252890	Durotram	
DVA DAA	?			
DYMADON CO		43252902	Dymadon	
DYMADON FORTE		43252902	Dymadon	
DYMADON P		43252902	Dymadon	
E-MYCIN 200		19043149	E-Mycin	
E-MYCIN 400		19043149	E-Mycin	
EAR CLEAR FOR SWIMMER'S EAR		43252791	Ear Clear For Swimmers	
EAR CLEAR FOR SWIMMERS EAR		43252791	Ear Clear For Swimmers	
ECHINACEA LIQUID	ing			
ECHINACEA PLUX GARLIX	ing			
ECHINACEA PURPUREA DRY WHOLE PLANT	ing			
EES 400 FILMTABS		43252781	Ees	
EFEXOR-XR		21018651	Efexor	
EFORMOTEROL FUMARATE DIHYDRATE	ing			
EGOPSORYL TA		43252811	Egopsoryl	
ELAXINE SR		43252823	Elaxine	
ELEANOR 150/30 ED		43252824	Eleanor	
ELEMENTAL FERROUS ION	ing			
ELEVIT MORNING SICKNESS RELIEF		43128591	ELEVIT	
ELEVIT WOMEN'S MULTI		43128591	ELEVIT	
ELIGARD 1 MONTH		19032761	Eligard	
ELIGARD 3 MONTH		19032761	Eligard	
ELIGARD 4 MONTH		19032761	Eligard	
ELIGARD 6 MONTH		19032761	Eligard	
ELOCON ALCOHOL FREE		19064075	Elocon	
ELOVAX ONE DOSE		43252839	Elovax	
EMETROL ORAL LIQUID		19062193	Emetrol	
ENDEP 10		19088671	Endep	
ENDEP 25		19088671	Endep	
ENDEP 50		19088671	Endep	
ENGERIX-B PRESERVATIVE FREE		19063452	Engerix-B	
ENO LEMON		21018865	Eno	
EPIDUO GEL		19044560	Epiduo	
EPILIM EC		19014088	Epilim	
EPILIM SUGAR FREE LIQUID		19014088	Epilim	
ERGODRYL MONO		44015376	Ergodryl	
ERYC LD		19043222	Eryc	
ERYTHROCIN FILMTABS		19124596	Erythrocin	
ERYTHROCIN IM		19124596	Erythrocin	
ERYTHROCIN IV		19124596	Erythrocin	
ESBERITOX N		40805445	Esberitox	
ESOMEPRAZOLE SANDOZ HP7		43129215	ESOMEPRAZOLE SANDOZ	
ESTALIS CONTINUOUS 50/140		43565964	Estalis	
ESTALIS CONTINUOUS 50/250		43565964	Estalis	
ESTALIS SEQUI 50/140		43565964	Estalis	
ESTALIS SEQUI 50/250		43565964	Estalis	
ESTELLE-35 ED		43565965	Estelle	
ESTRADERM MX		19064773	Estraderm	
ESTRAPAK 50		21018032	Estrapak	
EUHYPNOS 10		19026362	Euhypnos	
EUHYPNOS 20		19026362	Euhypnos	
EULACTOL ANTIFUNGAL		43252801	Eulactol	
EULACTOL HAND BALM 17083		43252801	Eulactol	
EULACTOL HEEL BALM 17001		43252801	Eulactol	
EULACTOL HEEL BALM 17002		43252801	Eulactol	
EULACTOL HEEL BALM 17003		43252801	Eulactol	
EVELYN 150/30 ED		43252803	Evelyn	
EVENING PRIMROSE OIL	ing			
EVENING PRIMROSE OIL 1000	ing			
EVENING PRIMROSE OIL 1000MG	ing			
EXCEL ET		40172935	Excel	
EXCEL G		40172935	Excel	
EXOREX PSORIASIS MEDICATION		21017712	Exorex	
EXOREX SCALP CONDITIONER		21017712	Exorex	
EZOVIR COLD SORE RELIEF		43253000	Ezovir	
F.G.F.	ing			
F.G.F. 500	ing			
FAMOTIDINE SANDOZ		40806513	Famotidin Sandoz	
FEBRIDOL CLEAR		43252922	Febridol	
FEFOL		43252927	Fefol Spansule	
FELODUR ER		43252937	Felodur	
FEMAZOLE DUO		43252938	Femazole	
FEMME-TAB ED 20/100		43252953	Femme-Tab Ed	
FEMME-TAB ED 30/150		43252953	Femme-Tab Ed	
FEMODEN ED		21014216	Femodene	
FEMOSTON 1/10		21016286	Femoston	
FEMOSTON 2/10		21016286	Femoston	
FEMOSTON-CONTI		21016286	Femoston	
FENDEX ER		43252974	Fendex	
FENTANYL	ing			
FERRO-F-TAB		43253014	Ferro-F	
FERROGRAD C		43253008	Ferro-Grad C	
FESS CHILDRENS		43253017	Fess	
FESS LITTLE NOSES DROPS AND ASPIRATOR		43253017	Fess	
FIBRE HEALTH NATURAL GRANULAR		43253041	Fibre Health Granular	
FIBRE HEALTH ORANGE SMOOTH SUGAR FREE		43253042	Fibre Health Smooth	
FIBYRAX EXTRA		44015712	Fibyrax	
FINASTERIDE-	ing			
FIORINAL DENTAL		19096442	Fiorinal	
FISH OIL	ing			
FISH OIL 1000	ing			
FISH OIL NATURAL	ing			
FLAXSEED OIL	ing			
FLAXSEED OIL 1000MG	ing			
FLAXSEED OIL 1000mg	ing			
FLECAINIDE SANDOZ		40806258	Flecainid Sandoz	
FLIXONASE ALLERGY & HAYFEVER 24 HOUR		19014184	Flixonase	
FLIXONASE NASULE DROPS		21018031	Flixonase Nasule	
FLIXOTIDE JUNIOR		43129819	FLIXOTIDE	
FLIXOTIDE JUNIOR ACCUHALER		43129819	FLIXOTIDE	
FLUANXOL DEPOT		19110708	Fluanxol	
FLUARIX TETRA		21015957	Fluarix	
FLUCIL 250		43252998	Flucil	
FLUOXETINE 20	ing			
FLUQUADRI JUNIOR		43253048	Fluquadri	
FLUVAX JUNIOR		43252918	Fluvax	
FOLIC ACID	ing			
FOLINIC ACID	ing			
FONAT PLUS		43252956	Fonatplus	
FORMET ASPEN		43252958	Formet	
FORMULA	?			
FORMULA SF88	device			
FOSAMAX PLUS ONCE WEEKLY		19011505	Fosamax	
FOSETIC 20/12.5		43252978	Fosetic	
FRUSEMIDE RBX		43130547	FUROSEMIDE RANBAXY	
FRUSID 20		19014243	Frusid	
FRUSID 40		19014243	Frusid	
FULCIN 500		40806700	Fulcin	
FUNGILIN ORAL		19014245	Fungilin	
FYBOGEL ORANGE		19065862	Fybogel	
FYBOGEL ORANGE FLAVOUR		19065862	Fybogel	
FYBOGEL REGULAR		19065862	Fybogel	
GABAPENTIN 300	ing			
GABAPENTIN 400	ing			
GANFORT 0.3/5		21017536	Ganfort	
GANFORT PF		21017536	Ganfort	
GARLIC OIL 3,000MG	ing			
GASTROGEL-RANITIDINE EXTRA STRENGTH		43252966	Gastrogel-Ranitidine	
GASTROLYTE EFFERVESCENT		43252968	Gastrolyte	
GASTROLYTE FRUIT		43252968	Gastrolyte	
GASTROLYTE NATURAL		43252968	Gastrolyte	
GASTROLYTE ORANGE		43252968	Gastrolyte	
GASTROLYTE-R		43252968	Gastrolyte	
GAVISCON DOUBLE STRENGTH		19097662	Gaviscon	
GAVISCON DUAL ACTION		19097662	Gaviscon	
GAVISCON DUAL ACTION PEPPERMINT LIQUID		19097662	Gaviscon	
GAVISCON INFANT		19097662	Gaviscon	
GENORAL 0.625		43253147	Genoral	
GENORAL 1.25		43253147	Genoral	
GENTIAN ACID	ing			
GENTIAN ALKALINE	ing			
GINKGO 2,000MG	ing			
GLUCAGON HCL	ing			
GLUCOBOY	device			
GLUCOCARD	device			
GLUCODR	device			
GLUCOFILM	device			
GLUCOMET 500		43253073	Glucomet	
GLUCOMET 850		43253073	Glucomet	
GLUCOSAMAX SUPPORT		21015134	GlucOsamax	
GLUCOSAMINE & CHONDROITIN	ing			
GLUCOSAMINE 1000	ing			
GLUCOSAMINE 1200	ing			
GLUCOSAMINE 750	ing			
GLUCOSE	ing			
GLUCOSE 4% AND SODIUM CHLORIDE 0.18%	ing			
GLUNEO	device			
GLUTATHIONE	ing			
GLUTATHIONE	ing			
GLYADE MR		43253101	Glyade	
GLYCERIN SUPPOSITORIES	ing			
GLYCEROL	ing			
GLYCEROL SUPPOSITORIES	ing			
GLYCOPREP-C		43253112	Glycoprep	
GLYCOPREP-C KIT		43253112	Glycoprep	
GO KIT PLUS		43253121	Go Kit	
GOANNA		43253123	Goanna Arthritis	
GOLDEN		19053546	Golden Eye	1
GOLDEN		40807540	Golden W	2
GOLDEN		40807539	Golden Star	3
GOLYTELY-F		19100361	Golytely	
GONAL-F PEN		19012690	Gonal F	1
GONAL-F PEN		21015059	Gonal-f	2
HAIR & NAILS	?			
HAIRSCIENCE FOR DANDRUFF		43253182	Hairscience	
HAVRIX 1440 PRESERVATIVE FREE		19046486	Havrix	
HAVRIX JUNIOR PRESERVATIVE FREE		19050537	Havrix Pediatric	
HAY	?			
HB VAX II		19030112	HB-VAX	
HEAD & SHOULDERS ANTI-DANDRUFF DRY SCALP CARE		40231135	Head & Shoulders	
HEAD & SHOULDERS ANTI-DANDRUFF SHAMPOO CLEAN & BALANCED		40231135	Head & Shoulders	
HEAD & SHOULDERS ANTI-DANDRUFF SHAMPOO NATURAL SHINE		40231135	Head & Shoulders	
HEAD & SHOULDERS ANTI-DANDRUFF SHAMPOO SMOOTH & SILKY		40231135	Head & Shoulders	
HEMINEURIN M		19113025	Heminevrin	
HEPARINISED	ing			
HEPARINISED SALINE	ing			
HEPASOL LIQUID VITAMINS		43253080	Hepasol	
HEXAL	?			
HMS LIQUIFILM		40183777	HMS Suspension	
HUMALOG KWIKPEN		19016116	Humalog	
HUMALOG MIX25 KWIKPEN		19016116	Humalog	
HUMALOG MIX50 KWIKPEN		19016116	Humalog	
HUMAN CHORIONIC GONADOTROPHIN	ing			
HUMAN CYTOMEGALOVIRUS IMMUNOGLOBULIN	ing			
HUMAN GROWTH HORMONE	ing			
HUMAN HEPATITIS B IMMUNOGLOBULIN	ing			
HUMAN ROTAVIRUS G1P TYPE,RIX4414 STRAIN	ing			
HUMAPEN	device			
HUMULIN 20/80		19053963	Humulin I	
HUMULIN 30/70		19053963	Humulin I	
HUMULIN 50/50		19053963	Humulin I	
HUMULIN NPH		19053963	Humulin I	
HUMULIN UL		19053963	Humulin I	
HYDRENE 25/50		43253115	Hydrene	
HYDROLYSED COLLAGEN PROTEINS	ing			
HYDROXO-B12		43253126	Hydroxo-B	
HYLO-FRESH		40807913	Hylo Fresh	
HYPERICUM PERFORATUM STANDARDISED	ing			
HYPOGUARD SUPREME	device			
IBILEX 250		43253152	Ibilex	
IBILEX 500		43253152	Ibilex	
IDAPREX ARG		43253083	Idaprex	
IDAPREX COMBI 4/1.25		43253083	Idaprex	
ILOSONE PAEDIATRIC		19047534	Ilosone	
IMIGRAN FDT		19018670	Imigran	
IMIGRAN MkII		19018670	Imigran	
IMMUNOGLOBULIN	ing			
IMODIUM MELTS		19021943	Imodium	
IMODIUM ZAPID		19021943	Imodium	
IMPROVIL 28 DAY		43253130	Improvil Day	
IMTRATE SR 60		43253132	Imtrate	
INCREMIN IRON MIXTURE		43253136	Incremin	
INCREMIN VITAMIN C MIXTURE		43253136	Incremin	
INDOPRIL COMBI 4/1.25		43253153	Indopril	
INDOSYL COMBI 4/1.25		43253155	Indosyl	
INDOSYL MONO		43253155	Indosyl	
INFACOL WIND DROPS		21014525	Infacol	
INFANRIX HEP B		19087029	Infanrix	
INFANRIX HEXA PRESERVATIVE FREE		43253158	Infanrix Hexa	
INFANRIX IPV		19087029	Infanrix	
INFANRIX IPV PRESERVATIVE FREE		19087029	Infanrix	
INFANRIX PENTA		19087029	Infanrix	
INFLUVAC JUNIOR		43131919	INFLUVAC	
INNER HEALTH DAIRY FREE		44018144	Inner Health	
INNER HEALTH FOR KIDS		44018144	Inner Health	
INNER HEALTH IMMUNE BOOSTER FOR KIDS		44018144	Inner Health	
INNER HEALTH PLUS		44018144	Inner Health	
INNER HEALTH PLUS DAIRY FREE		44018144	Inner Health	
INSULIN 2 NEUTRAL	?			
INSULIN ISOPHANE BOVINE	ing			
INSULIN ISOPHANE HUMAN	ing			
INSULIN NEUTRAL	ing			
INTAL CFC-FREE		19021988	Intal	
INTAL FORTE		19021988	Intal	
INTAL FORTE CFC-FREE		19021988	Intal	
INTAL SPINCAPS		19021988	Intal	
INTRAGAM P		43253060	Intragam	
INTRON A REDIPEN		19073112	Intron A	
INVEGA SUSTENNA		19005338	Invega	
INVITE E FOOT & HEEL BALM		43253087	Invite E	
IODINE DROPS	ing			
IONIL RINSE		44018710	Ionil	
IONIL-T		19069992	Ionil T	
IPRATRIN ADULT		43253105	Ipratrin	
IPRATRIN UNI-DOSE		43253105	Ipratrin	
IRON	ing			
IRON COMPOUND	ing			
ISONIAZID	ing			
ISOPTIN 180 SR		19046636	Isoptin	
ISOPTIN 240 SR		19046636	Isoptin	
ISOPTO TEARS		40808758	Isopto	
ISORDIL ORAL		19020213	Isordil	
ISOTARD MC		21016520	Isotard	
ISOTREX GEL		19053641	Isotrex	
JOHN	?			
JOINT	?			
JULIET-35 ED		43253263	Juliet-35	
JUVEDERM ULTRA XC		40809761	Juvederm	
KABIVEN G		40809806	Kabiven	
KALMA 0.25		43253291	Kalma	
KALMA 0.5		43253291	Kalma	
KALMA 1		43253291	Kalma	
KALMA 2		43253291	Kalma	
KAOLIN & OPIUM MIXTURE APF 14		43253299	Kaolin And Opium Mixture Apf	
KAOMAGMA		43127702	KAOLOGEAIS	
KARVEZIDE 150/12.5		43253194	Karvezide	
KARVEZIDE 300/12.5		43253194	Karvezide	
KARVEZIDE 300/25		43253194	Karvezide	
KARVOL		21017671	Karvol Decongestant	
KEFLIN NEUTRAL		19088754	Keflin	
KEFLOR CD		43253195	Keflor	
KENACOMB OTIC		43253203	Kenacomb	
KENACORT-A 10		43127709	KENACORT	
KENACORT-A 40		43127709	KENACORT	
KENALOG IN ORABASE		19044232	Kenalog	
KINIDIN DURULES		21016375	Kinidine	
KLACID HP7		43253234	Klacid	
KLACID ORAL LIQUID		43253234	Klacid	
KONAKION MM		19022044	Konakion	
KONAKION MM PAEDIATRIC		19022044	Konakion	
KOREAN GINSENG	ing			
L-LYSINE 500MG	ing			
L-THEANINE	ing			
LACTAID DROPS		19027638	Lactaid	
LACTEEZE DROPS		44018300	Lacteeze	
LACTOBAC POWDER		40810081	Lactobac	
LAILA-35 ED		43253265	Laila-35	
LAMISIL DERMGEL		19070961	Lamisil	
LAMISIL JOCK ITCH DERMGEL		19068553	Lamisil AT Jock Itch	
LAMISIL ONCE		19070961	Lamisil	
LAMISIL SOLE REPAIR		19070961	Lamisil	
LANOXIN PAEDIATRIC ELIXIR		19121801	Lanoxin Pediatric	
LANTUS SOLOSTAR		43128317	LANTUS	
LANZEK ZYDIS		43253312	Lanzek	
LASIX HIGH DOSE		19044738	Lasix	
LASIX M		19044738	Lasix	
LASONIL BRUISE TREATMENT		21015023	Lasonil	
LAXETTES WITH SENNA		43253206	Laxettes	
LEMSIP COLD & FLU WITH DECONGESTANT		43253216	Lemsip Cold And Flu	
LEMSIP FIRST SIGNS DAY AND NIGHT LIQUID CAPS		21017802	Lemsip	
LEMSIP MAX COLD & FLU WITH DECONGESTANT DRINK		43253225	Lemsip Max	
LEMSIP MAX MULTI-RELIEF COLD & FLU HOT DRINK		43253225	Lemsip Max	
LEMSIP MAX SORE THROAT ANAESTHETIC LOZENGES		43253225	Lemsip Max	
LEMSIP ORIGINAL LEMON		21017802	Lemsip	
LENEST 20 ED		43253267	Lenest	
LENEST 30 ED		43253267	Lenest	
LETROZOLE ACTAVIS		40810030	Letrozol Actavis	
LEVEMIR FLEXPEN		19044920	Levemir	
LEVEMIR PENFILL		19044920	Levemir	
LEVETIRACETAM SZ		43128664	LEVETIRACETAM SANDOZ	
LEVLEN ED		19050828	Levlen	
LEVONELLE-1		21016757	Levonelle	
LEVONELLE-2		21016757	Levonelle	
LEVONORGESTREL-	ing			
LEXAM 10		43253238	Lexam	
LEXAM 20		43253238	Lexam	
LIGNOCAINE GEL SYRINGE	ing			
LINOTAR MOISTURISING		43253245	Linotar	
LIPAZIL 600		43253412	Lipazil	
LIQUIFILM FORTE		40810968	Liquifilm	
LISDEXAMFETAMINE DIMESILATE	ing			
LITTLE ALLERGIES FOR CHILDREN		43253343	Little Allergies	
LIVER DETOX & SUPPORT	?			
LODAM 50		43253358	Lodam	
LODAM SR		43253358	Lodam	
LOGYNON ED		21018509	Logynon	
LOSEC HELICOPAK		19014487	Losec	
LOSEC HP7		19014487	Losec	
LOVAN LIQUID		43253416	Lovan	
LUBRI-GEL	device			
LUBRIN	device			
LUCRIN DEPOT		43253431	Lucrin	
LUCRIN DEPOT 1 MONTH PDS		43253431	Lucrin	
LUCRIN DEPOT 3 MONTH PDS		43253431	Lucrin	
LUCRIN DEPOT 4 MONTH PDS		43253431	Lucrin	
LUCRIN DEPOT 6 MONTH PDS		43253431	Lucrin	
LUGOL'S		19098613	Lugols Strong Iodine	
LUMIGAN PF		19005577	Lumigan	
LUTEIN-VISION ADVANCED		43253446	Lutein-Vision	
MADOPAR HBS		19071969	Madopar	
MADOPAR RAPID		19071969	Madopar	
MAGICUL 200		43253339	Magicul	
MAGICUL 400		43253339	Magicul	
MAGICUL 800		43253339	Magicul	
MAGNESIA CARBONATE	ing			
MAGNESIUM AND B6	ing			
MAGNESIUM COMPOUND	ing			
MAGNESIUM POWDER	ing			
MALARONE JUNIOR		19023671	Malarone	
MARCAIN SPINAL		21017643	Marcain	
MARVELON 28		21018272	Marvelon	
MAXEPA FISH OIL EXTRACT		19071996	Maxepa	
MAXICLEAR COLD & FLU		43253389	Maxiclear	
MAXICLEAR SINUS		43253389	Maxiclear	
MAXICLEAR SINUS & PAIN		43253389	Maxiclear	
MEDI CREME		40811415	Medicreme	
MEDI PULV		43253405	Medipulv	
MEGA B Q10		43253409	Mega B	
MELIPRAMINE		40811352	Melipramin	
MENOMUNE		43253455	Menomune-A	
OMEGA-3 NATURAL FISH OIL		21015707	Natures Aid Omega-3 Fish Oil	
30 PLUS		44015161	Hawaiian Tropic 30 Plus	
5-HYDROXY TRYPTOPHAN	ing			
A-CITALOPRAM	ing			
A-FLUCONAZOLE	ing			
A&M		19053761	Alumina and Magnesia	
ABBOCILLIN V		43252089	Abbocillin Vk	
ABBOCILLIN V DULCETS		43252089	Abbocillin Vk	
ABBOCILLIN VK FILMTAB		43252089	Abbocillin Vk	
ABISART HCT		43252092	Abisart	
ACCOMIN CENTRUM ADULT LIQUID		43252095	Accomin Adult Mixture	
ACETOPT	?			
ACICLOVIR 200	ing			
ACICLOVIR 800	ing			
ACICLOVIR GH	ing			
ACICLOVIR-BC	ing			
ACIDOPHILUS BIFIDUS	ing			
ACLIN 200		43252112	Aclin	
ACNE AID BAR		44012874	Acne Aid	
ACNE GEL WITH SANCHI		44012877	Acne Gel	
ACNEDERM		43252116	Acnederm Foaming Wash	
ACQUIN ASPEN		43252119	Acquin	
ACRIS COMBI		43252122	Acris	
ACRIS ONCE-A-MONTH		43252122	Acris	
ACRIS ONCE-A-WEEK		43252122	Acris	
ACTAIR CONTINUATION TREATMENT		43252124	Actair	
ACTIFED CC CHESTY COUGH		19029676	Actifed	
ACTIFED CC DRY COUGH		19029676	Actifed	
ACTIFED CC JUNIOR		19029676	Actifed	
ACTIFED CHESTY		19029676	Actifed	
ACTIFED DRY		19029676	Actifed	
ACTION COLD & FLU EFFERVESCENT		43252103	Action Cold And Flu	
ACTONEL COMBI		19021836	Actonel	
ACTONEL COMBI D		19021836	Actonel	
ACTONEL EC		19021836	Actonel	
ACTONEL EC COMBI		19021836	Actonel	
ACTONEL EC COMBI D		19021836	Actonel	
ACTONEL ONCE-A-MONTH		19021836	Actonel	
ACTONEL ONCE-A-WEEK		19021836	Actonel	
ACTRAPID NOVOLET		21016315	Actrapid	
ACTRAPID PENFILL		21016315	Actrapid	
ACYCLO-V 200		43252129	Acyclo-V	
ACYCLO-V 800		43252129	Acyclo-V	
ADACEL POLIO		44013030	Adacel-Polio	
ADALAT CAPS		19020153	Adalat	
ADALAT OROS		19020153	Adalat	
ADDOS XR		43252132	Addos	
ADEFIN XL 30		43252133	Adefin	
ADEFIN XL 60		43252133	Adefin	
ADESAN HCT		43252136	Adesan	
ADRENALINE		44814295	Adrenalin	
ADRONAT ONCE WEEKLY		43252145	Adronat	
ADT		43252087	Adt Vaccine	
ADVANTAGE		19052847	Advantage 24 Contraceptive	1
ADVANTAGE		44013055	Advantage Acne Control Kit	2
ADVANTAGE		42707080	Advantage Multi	3
ADVANTAGE		19018888	Advantage-S	4
ADVANTAN FATTY		21019017	Advantan	
ADVIL LIQUID CAPS		19023250	Advil	
AERON 250		43252150	Aeron	
AERON 500		43252150	Aeron	
AGAMATRIX JAZZ	device			
AGIOFIBE	device			
AIROMIR AUTOHALER CFC-FREE		43127054	AIROMIR AUTOHALER	
ALBALON RELIEF		19053072	Albalon	
ALDARA PUMP PACK		19053103	Aldara	
ALENDROBELL PLUS D3		43252160	Alendrobell	
ALENDRONATE AN	ing			
ALENDRONATE D3	ing			
ALENDRONATE PLUS D3	ing			
ALENDRONATE PLUS D3 AND CALCIUM SANDOZ		40799714	Alendron Sandoz	
ALENDRONATE PLUS D3 SANDOZ		40799714	Alendron Sandoz	
ALENDRONATE SANDOZ		40799714	Alendron Sandoz	
ALEPAM 15		43252171	Alepam	
ALEPAM 30		43252171	Alepam	
ALFAMINO JUNIOR	device			
ALKA-SELTZER LEMON		19030123	Alka-Seltzer	
ALKA-SELTZER REGULAR		19030123	Alka-Seltzer	
ALLERGY EYES		44013167	Allergy Eye	
ALLPYRAL ALLERGEN EXTRACTS		44013252	Allpyral	
ALOE BARBADENSIS MILLER	ing			
ALPHA KERI TAR		44013264	Alpha Keri	
ALPHACIN 250		43252195	Alphacin	
ALPHACIN 500		43252195	Alphacin	
ALPHACLAV DUO FORTE		43252196	Alphaclav Duo	
ALPHAGAN P 1.5		19031759	Alphagan P	
ALPHAMOX 125		43252198	Alphamox	
ALPHAMOX 250		43252198	Alphamox	
ALPHAMOX 500		43252198	Alphamox	
ALPHAPRESS 25		43252199	Alphapress	
ALPHAPRESS 50		43252199	Alphapress	
ALPRAX 0.25		43252201	Alprax	
ALPRAX 0.5		43252201	Alprax	
ALPRAX 1		43252201	Alprax	
ALPRAX 2		43252201	Alprax	
ALUSTAL		43252181	Alustal House	
AMITROL	ing			
AMMONIUM CHLORIDE	ing			
AMOXIL DUO		19045258	Amoxil	
AMOXIL PARENTERAL		19045258	Amoxil	
AMOXYCILLIN RANBAXY		43127454	AMOXICILLINE RANBAXY	
AMOXYCILLIN SANDOZ		43127457	AMOXICILLINE SANDOZ	
AMOXYCLAV RBX		43127477	AMOXICILLINE/ACIDE CLAVULANIQUE RANBAXY	
AMPHOTERICIN B		40800006	Amphotericin B Eup	
AMYLOBARBITONE	ing			
ANAPROX 550		19042253	Anaprox	
ANDREWS TUMS ANTACID		43252251	Andrews Tums	
ANDRIOL TESTOCAPS		40799986	Andriol	
ANDRO-FEME		43252222	Androfeme	
ANDROCUR-100		21018407	Androcur	
ANDROFORTE 5		43252223	Androforte	
ANGELIQ 1/2		19058478	Angeliq	
ANPEC 40		43252227	Anpec	
ANPEC 80		43252227	Anpec	
ANPEC SR		43252227	Anpec	
ANSELOL 50		43252229	Anselol	
ANTHEL 125		43252231	Anthel	
ANTHEL 250		43252231	Anthel	
ANTI-STRESS	ambig			
ANTISTINE-PRIVINE		40799950	Antistin Privin	
APL		19052114	A.P.L.	
APO-AMOXYCILLIN		44013472	Apo-Amox	
APO-AMOXYCILLIN AND CLAVULANIC ACID		44013474	Apo-Amoxi Clav	
APO-ATENOLOL		44013480	Apo-Atenol	
APO-CANDESARTAN HCTZ 16/12.5		44013501	Apo-Candesartan/Hctz	
APO-CANDESARTAN HCTZ 32/12.5		44013501	Apo-Candesartan/Hctz	
APO-CANDESARTAN HCTZ 32/25		44013501	Apo-Candesartan/Hctz	
APO-CEPHALEXIN		44013511	Apo-Cephalex	
APO-CIPROFLOXACIN		44013581	Apo-Ciproflox	
APO-DESVENLAFAXINE MR		43252713	Desvenlafaxine Mr	
APO-DIAZEPAM		44013376	Apo Diazepam	
APO-FAMCICLOVIR COLD SORE TREATMENT		44013636	Apo-Famciclovir	
APO-FINASTERIDE 5		44013521	Apo-Finasteride	
APO-FLUCONAZOLE ONE		44013523	Apo-Fluconazole	
APO-FOSINOPRIL HCTZ 10/12.5		44013531	Apo-Fosinopril	
APO-FOSINOPRIL HCTZ 20/12.5		44013531	Apo-Fosinopril	
APO-FRUSEMIDE		44013381	Apo Furosemide	
APO-GALANTAMINE MR		44013535	Apo-Galantamine	
APO-GLICLAZIDE MR		44013538	Apo-Gliclazide	
APO-HYDROXYCHLOROQUINE		44013544	Apo-Hydroxyquine	
APO-INDAPAMIDE SR		44013549	Apo-Indapamide	
APO-IRBESARTAN HCTZ		44013553	Apo-Irbesartan/Hctz	
APO-LANSOPRAZOLE ODT		44013564	Apo-Lansoprazole	
APO-METOCLOPRAMIDE		44013738	Apo-Metoclop	
APO-METOPROLOL		44013739	Apo-Metoprolol Sr	
APO-NIFEDIPINE XR		44013760	Apo-Nifed	
APO-OLANZAPINE ODT		44013767	Apo-Olanzapine	
APO-OXAZEPAM		44013641	Apo Oxazepam	
APO-PARACETAMOL		44013367	Apo Acetaminophen	
APO-PERINDOPRIL ARGININE		44013780	Apo-Perindopril	
APO-PRAMIPEXOLE ER		44013784	Apo-Pramipexole	
APO-PRAZOSIN		44013786	Apo-Prazo	
APO-PROPRANOLOL		44013649	Apo Propranolol	
APO-QUETIAPINE XR		44013791	Apo-Quetiapine	
APO-TELMISARTAN HCTZ		44013835	Apo-Telmisartan/Hctz	
APO-TRAMADOL SR		44013669	Apo-Tramadol	
APO-VENLAFAXINE XR		44013684	Apo-Venlafaxine	
APORYL		43252258	Aporyl Anti-Fungal Nail Treatment	
APOVEN 250		43252259	Apoven	
APOVEN 500		43252259	Apoven	
AQUACARE H.P.		43252264	Aquacare	
ARANESP WITH AUTOMATIC NEEDLE GUARD		19025156	Aranesp	
ARATAC 100		43252253	Aratac	
ARATAC 200		43252253	Aratac	
ARIMA 150		43252291	Arima	
ARIMA 300		43252291	Arima	
ARTHRO AID		43252274	Arthro-Aid	
ARTHRO AID DIRECT		43252274	Arthro-Aid	
ARTHRO AID GOLD		43252274	Arthro-Aid	
ARTHRO AID ONE A DAY		43252274	Arthro-Aid	
ASASANTIN SR		40800798	Asasantin	
ASCENSIA ELITE LOW AND HIGH CONTROL	device			
ASCENSIA GLUCODISC NORMAL CONTROL	device			
ASMOL CFC-FREE		43252281	Asmol	
ASMOL UNI DOSE		43252281	Asmol	
ASPIRIN DISPERSIBLE	ing			
ASPRO CLEAR		43127635	ASPRO	
ASPRO CLEAR EXTRA STRENGTH		43127635	ASPRO	
ASTRIX 100		43252277	Astrix	
ATACAND PLUS 16/12.5		43565884	Atacand Plus	
ATACAND PLUS 32/12.5		43565884	Atacand Plus	
ATACAND PLUS 32/25		43565884	Atacand Plus	
ATORVASTATIN PFIZER		35406573	ATORVASTATINE PFIZER	
ATORVASTATIN SZ		43127676	ATORVASTATINE SANDOZ	
ATOZET COMPOSITE PACK		43252293	Atozet	
ATROPINE INJECTION	ing			
ATROVENT CFC FREE		19020409	Atrovent	
ATROVENT UDV		19020409	Atrovent	
ATROVENT UDV ADULT		19020409	Atrovent	
AUGMENTIN DUO FORTE		19053736	Augmentin Duo	
AUGMENTIN FORTE		19020435	Augmentin	
AURALGAN OTIC		19033980	Auralgan	
AUREOMYCIN TOPICAL		19087117	Aureomycin	
AUSCAP ASPEN		43252297	Auscap	
AUSFAM 20		43252298	Ausfam	
AUSFAM 40		43252298	Ausfam	
AVANZA SOLTAB		43252308	Avanza	
AVAPRO HCT 150/12.5		19023613	Avapro	
AVAPRO HCT 300/12.5		19023613	Avapro	
AVAPRO HCT 300/25		19023613	Avapro	
AVIL DECONGESTANT		43252311	Avil	
AVIL RETARD		43252311	Avil	
AXIT 15		43252314	Axit	
AXIT 30		43252314	Axit	
AXIT 45		43252314	Axit	
AYLIDE 1		43252315	Aylide	
AYLIDE 2		43252315	Aylide	
AYLIDE 3		43252315	Aylide	
AYLIDE 4		43252315	Aylide	
AZCLEAR		43252324	Azclear Action	
AZCLEAR ACTION FOAMING WASH		43252324	Azclear Action	
AZOL 200		43252327	Azol	
B GROUP VITAMINS	ing			
B12 LIQUID	ing			
B12 SUBLINGUAL	ing			
BACTRIM Sugar Free		19020462	Bactrim	
BANLICE MOUSSE		43252340	Banlice	
BECONASE ALLERGY AND HAYFEVER 12 HOUR		19021038	Beconase	
BECONASE ALLERGY AND HAYFEVER 24 HOUR		19021038	Beconase	
BENADRYL CHESTY FORTE		19046518	Benadryl	
BENADRYL DAY & NIGHT		19046518	Benadryl	
BENADRYL DRY FORTE		19046518	Benadryl	
BENADRYL DRY TICKLY		19046518	Benadryl	
BENADRYL FOR THE FAMILY CHESTY FORTE		19046518	Benadryl	
BENADRYL MUCUS RELIEF DOUBLE ACTION		19046518	Benadryl	
BENADRYL MUCUS RELIEF PLUS DECONGESTANT		19046518	Benadryl	
BENADRYL NIGHTIME		19046518	Benadryl	
BENADRYL ORIGINAL		19046518	Benadryl	
BENYLIN SORE THROAT		19021082	Benylin	
BENZAC AC WASH		19049365	Benzac AC	
BENZEMUL		43252344	Benzemul Application	
BENZOIC	ing			
BENZOTECH GEL		43252351	Benzotech	
BERGOLINE 1		43252356	Bergoline	
BERGOLINE 2		43252356	Bergoline	
BEROTEC AEROSOL		21015513	Berotec	
BETA-1,3 1,m	ing			
BETACAROTENE	ing			
BETACHEK QUICK TEST	device			
BETACHEK VISUAL	device			
BETADINE ALCOHOLIC SKIN PREPARATION		19043659	Betadine	
BETADINE COLD SORE PAINT		19043659	Betadine	
BETADINE COLD SORE PAINT PAIN RELIEF FORMULA		19043659	Betadine	
BETADINE PRE-OP BODY WASH		19043659	Betadine	
BETADINE READY TO USE SORE THROAT GARGLE		19043659	Betadine	
BETADINE SORE THROAT GARGLE		19043659	Betadine	
BETADINE SWABSTICKS		19043659	Betadine	
BETNOVATE 1/2		19018707	Betnovate	
BETNOVATE 1/5		19018707	Betnovate	
BETNOVATE SCALP APPLICATION		19018707	Betnovate	
BICILLIN L-A TUBEX		19056481	Bicillin L-A	
BIFIDO BACTERIA INFANTUS	ing			
BIO	?			
BIOFLAVONOIDS PLUS VITAMIN C	ing			
BIOMEGA III		21017226	BIOmega	
BIOTENE DRY MOUTH FLUORIDE TOOTHPASTE		40241713	Biotene Dry Mouth	
BIOTENE ORALBALANCE DRY MOUTH MOISTURISING GEL		40241713	Biotene Dry Mouth	
BIOTENE ORALBALANCE DRY MOUTH MOISTURISING LIQUID		40241713	Biotene Dry Mouth	
BISALAX MICRO		43252433	Bisalax	
BISOLVON CHESTY FORTE		43252441	Bisolvon Chesty	
BISOLVON CHESTY FORTE LIQUID ON-THE-GO		43252441	Bisolvon Chesty	
BISOLVON CHESTY KIDS STRAWBERRY FLAVOUR ORAL LIQUID		43252441	Bisolvon Chesty	
BISOLVON CHESTY NATURAL KIDS		43252441	Bisolvon Chesty	
BISOLVON CHESTY ORAL LIQUID		43252441	Bisolvon Chesty	
BISOLVON DRY		19069169	Bisolvon	
BISOLVON DRY JUNIOR		19069169	Bisolvon	
BISOLVON DRY PASTILLES		19069169	Bisolvon	
BISOLVON PHOLCODINE DRY FORTE		19069169	Bisolvon	
BISOLVON SINUS		19069169	Bisolvon	
BLEPH 10		19056812	Bleph-10	
BLEPHAMIDE LIQUIFILM		19056815	Blephamide	
BLINK INTENSIVE TEARS		40802084	Blink	
BLISTEX ANTIVIRAL COLD SORE		19056821	Blistex	
BONJELA MOUTH ULCER GEL		19112546	Bonjela	
BONJELA TEETHING GEL		19112546	Bonjela	
BOOSTRIX PRESERVATIVE FREE		19079703	Boostrix	
BOOSTRIX-IPV		19079703	Boostrix	
BORIC	1			
BOSISTO'S		43252392	Bosisto'S Eucalyptus	
BOSISTO'S EUCALYPTUS RUB		43252392	Bosisto'S Eucalyptus	
BOTOX PURIFIED NEUROTOXIN COMPLEX		19045570	Botox	
BRETARIS GENUAIR		40801880	Bretaris	
BREVINOR 21		21017391	Brevinor	
BREVINOR 28 DAY		21017391	Brevinor	
BRICANYL NEBUHALER		19021117	Bricanyl	
BRICANYL RESPULES		19021117	Bricanyl	
BRIMICA GENUAIR		40801942	Brimica	
BRUFEN SR		19026302	Brufen	
BUDAMAX AQUEOUS		43252410	Budamax	
BUFFERED	?			
BUSCOPAN FORTE		19026930	Buscopan	
BUTAMOL 2.5		43252422	Butamol	
BUTAMOL 5		43252422	Butamol	
BUTESIN PICRATE WITH METAPHEN		19057260	Butesin Picrate	
C PLUS		44014519	C-Plus	
C PLUS POWDER		44014519	C-Plus	
C-FLOX 250		43252428	C-Flox	
C-FLOX 500		43252428	C-Flox	
C-FLOX 750		43252428	C-Flox	
CALCI-TAB 600		43252457	Calci-Tab	
CALCIA		43252462	Calcia-1000	
CALCIA 1000		43252462	Calcia-1000	
CALCIA VITAMIN D		43252458	Calcia Plus Vitamin D	
CALCIUM & MAGNESIUM	ing			
CALCIUM COMPOUND	ing			
CALCIVITE		40802657	Calcivit	
CALSOURCE CA 1000		43252373	Calsource Ca	
CALSOURCE CA 1200 + D		43252373	Calsource Ca	
CALTRATE BONE AND MUSCLE HEALTH		19057757	Caltrate	
CALTRATE BONE HEALTH		19057757	Caltrate	
CALTRATE PLUS		19057757	Caltrate	
CALTRATE PLUS WITH		19057757	Caltrate	
CALTRATE VITAMIN D		19057757	Caltrate	
CALVID EFFERVESCENT GRANULES		43252386	Calvid	
CANESORAL DUO		43252430	Canesoral	
CANESTEN CLOTRIMAZOLE THRUSH TREATMENT 6 DAY		19026368	Canesten	
CANESTEN CLOTRIMAZOLE THRUSH TREATMENT ONCE		19026368	Canesten	
CANESTEN FUNGAL NAIL TREATMENT SET		19026368	Canesten	
CANESTEN SPORTS		19026368	Canesten	
CARBAMAZEPINE SANDOZ		43567947	Carbamazepin Sandoz	
CARBOMER 974	1			
CARBOSORB X		43252365	Carbosorb	
CARDIPRIN 100		43252380	Cardiprin	
CAROLYN-35 ED		43252389	Carolyn-35	
CATAPRES 100		19044425	Catapres	
CATAPRES 150		19044425	Catapres	
CEFOTAXIME SANDOZ		40802573	Cefotaxim Sandoz	
CEFTRIAXONE	ing			
CELERY SEED OIL	1			
CELESTONE CHRONODOSE		19047752	Celestone	
CELESTONE-V 1/2		19047752	Celestone	
CELESTONE-VG		19047752	Celestone	
CENTRUM ADVANCE		21015708	Centrum	
CENTRUM ADVANCE 50+		21015708	Centrum	
CENTRUM KIDS INCREMIN IRON MIXTURE		21015708	Centrum	
CENTRUM KIDS ORANGE		21015708	Centrum	
CENTRUM SELECT 50+		21015708	Centrum	
CEPACAINE		43252381	Cepacaine Oral Solution	
CEPACOL MINT ANTIBACTERIAL		19086557	Cepacol	
CEPHATRUST 250		43252396	Cephatrust	
CEPHATRUST 500		43252396	Cephatrust	
CHAMPIX. COMPLETION PACK		21016858	Champix	
CHICKEN POX	ing			
CHILDREN'S PANADOL 5-12 YEARS SUPPOSITORIES		19058388	Childrens Panadol	
CHILDREN'S PANADOL 6Mths-5Yrs SUPPOSITORIES		19058388	Childrens Panadol	
CHILDREN'S PANADOL 7+ YRS COLOUR FREE SOLUBLE		19058388	Childrens Panadol	
CHILDREN'S PANADOL COLD RELIEF ELIXIR		19058388	Childrens Panadol	
CHILDREN'S PANADOL COLOURFREE BABY DROPS		19058388	Childrens Panadol	
CHILDREN'S PANADOL ELIXIR 1-5 YRS		19058388	Childrens Panadol	
CHILDREN'S PANADOL ELIXIR 5-12 YRS		19058388	Childrens Panadol	
CHILDREN'S PANADOL ORIGINAL BABY DROPS		19058388	Childrens Panadol	
CHLORHEXIDINE	ing			
CHLORHEXIDINE 2% IN ALCOHOL 70%	ing			
CHLORHEXIDINE 2% IN ISOPROPYL ALCOHOL 70%	ing			
CHLORHEXIDINE IN ALCOHOL	ing			
CHLORHEXIDINE IN ALCOHOL 70%	ing			
CHLORIDE COMPOUND	ing			
CHOLSTAT 10		43252478	Cholstat	
CHOLSTAT 20		43252478	Cholstat	
CHOLSTAT 40		43252478	Cholstat	
CILAMOX SUGAR FREE		43252500	Cilamox	
CILICAINE VK		21014841	Cilicaine	
CILOXAN EAR DROPS		19047252	Ciloxan	
CIPROFLOXACIN 500	ing			
CIPROFLOXACIN 750	ing			
CIPROL 250		43252582	Ciprol	
CIPROL 500		43252582	Ciprol	
CIPROL 750		43252582	Ciprol	
CIPROXIN 250		19013875	Ciproxin	
CIPROXIN 500		19013875	Ciproxin	
CIPROXIN 750		19013875	Ciproxin	
CIPROXIN HC EAR DROPS		19013875	Ciproxin	
CIPROXIN IV		19013875	Ciproxin	
CITALOPRAM 20	ing			
CITANEST DENTAL		19021279	Citanest	
CITRACAL D MAX		19012022	Citracal + D	
CITRACAL PLUS		19058693	Citracal	
CLAMOHEXAL DUO		43252485	Clamohexal	
CLAMOHEXAL DUO FORTE		43252485	Clamohexal	
CLAMOXYL DUO 400		43252502	Clamoxyl Duo	
CLAMOXYL DUO FORTE		43252502	Clamoxyl Duo	
CLAMOXYL FORTE		43127148	CLAMOXYL	
CLARATYNE D WITH DECONGESTANT		43252506	Claratyne	
CLARATYNE EFFERVESCENT		43252506	Claratyne	
CLARINASE 24 HOUR RELIEF		43252525	Clarinase	
CLARINASE REPETABS		43252525	Clarinase	
CLARITHRO 250		43252532	Clarithro	
CLARITHRO 500		43252532	Clarithro	
CLAVULIN 125		43252540	Clavulin	
CLAVULIN 250		43252540	Clavulin	
CLAVULIN 500		43252540	Clavulin	
CLAVULIN DUO		43252540	Clavulin	
CLAVULIN DUO 400		43252540	Clavulin	
CLAVULIN DUO FORTE		43252540	Clavulin	
CLEARASIL DAILY FACE WASH		19129572	Clearasil	
CLIMEN 28		21014895	Climen	
CLINORIL 200		19021281	Clinoril	
CLOFEN 10		43252603	Clofen	
CLOFEN 25		43252603	Clofen	
CLONEA CLOTRIMAZOLE THRUSH TREATMENT 3 DAY		43252607	Clonea	
CLOPIDOGREL WINTHROP PLUS ASPIRIN		40804032	Clopidogrel Winthrop	
CLOVIX 75		43252510	Clovix	
CO ENZYME Q10	ing			
CO-ENZYME Q10	ing			
CO-ENZYME Q10 PLUS SALMON OIL AND VITAMIN E	ing			
COAL	ing			
CODALGIN FORTE		43252533	Codalgin	
CODALGIN PLUS		43252533	Codalgin	
CODAPANE FORTE		43252536	Codapane	
CODAPANE XTRA		43252536	Codapane	
CODEINE PHOSPHATE	ing			
CODRAL CHESTY COUGH LIQUID		43252545	Codral	
CODRAL COLD & FLU		43252546	Codral Cold And Flu	
CODRAL DAY & NIGHT COLD & FLU		43252546	Codral Cold And Flu	
CODRAL DRY COUGH LIQUID		43252545	Codral	
CODRAL FORTE		43252545	Codral	
CODRAL LINCTUS		43252545	Codral	
CODRAL NIGHTIME		43252545	Codral	
CODRAL NIGHTIME COLD & FLU RELIEF		43252546	Codral Cold And Flu	
CODRAL ORIGINAL CHESTY COUGH LIQUICAPS		43252545	Codral	
CODRAL ORIGINAL COLD & FLU MAX		43252561	Codral Original Cold And Flu	
CODRAL PAIN RELIEF		43252545	Codral	
COLD	?			
COLONLYTELY LEMON POWDER		43252492	Colonlytely	
COLONLYTELY ORIGINAL POWDER		43252492	Colonlytely	
COLONPREP KIT A	device			
COLOXYL WITH SENNA		43252494	Coloxyl	
COMBANTRIN ADULT STRENGTH		19026953	Combantrin	
COMBANTRIN-1 WITH MEBENDAZOLE		19026953	Combantrin	
COMBANTRIN-1 WITH MEBENDAZOLE CHOCOLATE SQUARES		19026953	Combantrin	
COMBIVENT METERED AEROSOL		19021326	Combivent	
COMPOUND SODIUM LACTATE IV INFUSION	device			
CONDYLINE PAINT		19053299	Condyline	
COPPER IUD	device			
COPPER T 380A IUD	device			
COQ10		19131388	Co-Q10	
COQ10 EXCEL		19131388	Co-Q10	
CORBETON 20		43252718	Corbeton	
CORBETON 40		43252718	Corbeton	
CORDARONE X INTRAVENOUS		19047290	Cordarone	
CORDILOX ORAL		19071672	Cordilox	
CORTIVAL 1/2		43252727	Cortival	
CORTIVAL 1/5		43252727	Cortival	
COTAZYM S FORTE		19089109	Cotazym	
COUGH MEDICINE	?			
COVERSYL PLUS		19018706	Coversyl	
COVERSYL PLUS LD		19018706	Coversyl	
CRANBERRY 15000	ing			
CRANBERRY 20,000MG	ing			
CREON MICRO		19060531	Creon	
CUBITAN	device			
CURAM 125/31.25		43252641	Curam	
CURAM DUO 400/57		43252641	Curam	
CURAM DUO 500/125		43252641	Curam	
CURAM DUO FORTE 875/125		43252641	Curam	
CURASH ANTI-RASH BABY POWDER		43252644	Curash	
CURASH FAMILY ORAL PAIN RELIEVING GEL		43252644	Curash	
CURASH MEDICATED FAMILY POWDER		43252644	Curash	
CYPROSTAT-100		19013943	Cyprostat	
CYTARABINE INJECTION	ing			
DAIVOBET 50/500		43131527	DAIVOBET	
DAKTARIN ORAL GEL		19013946	Daktarin	
DALACIN C		21017165	Dalacin	
DALACIN C PHOSPHATE INJ.		21017165	Dalacin	
DAN GARD		44016779	Dan-Gard	
DAPSONE	ing			
DAPSONE 100	ing			
DAY	?			
DBL	?			
DE-GAS EXTRA		19060746	Degas	
DEEP	?			
DEEP HEAT FOAM		21017438	Deep Heat	
DEHYDRO-EPI-ANDROSTERON	ing			
DELFEN FOAM		19021402	Delfen	
DEMAZIN 12 HOUR SINUS REPETABS		19060869	Demazin	
DEMAZIN CHESTY COUGH		19060869	Demazin	
DEMAZIN COLD RELIEF		19060869	Demazin	
DEMAZIN COLD RELIEF PAEDIATRIC ORAL DROPS	?			
DEMAZIN COUGH & COLD		19060869	Demazin	
DEMAZIN COUGH & COLD RELIEF		19060869	Demazin	
DEMAZIN DAY & NIGHT COLD & FLU		19060869	Demazin	
DEMAZIN PE COLD & FLU RELIEF DAY & NIGHT		19060869	Demazin	
DEMECLOCYCLINE	ing			
DENCORUB ANTI-INFLAMMATORY		43252654	Dencorub	
DENCORUB ARTHRITIS ICE THERAPY		43252654	Dencorub	
DENCORUB EXTRA STRENGTH HEAT GEL		43252654	Dencorub	
DENCORUB PAIN RELIEVING HEAT PATCHES		43252654	Dencorub	
DERMAVEEN BABY SHAMPOO		44015902	Dermaveen	
DERMAVEEN OATMEAL SHAMPOO		44015902	Dermaveen	
DHEA 6X		21014191	DHEA	
DIABEX XR		43252736	Diabex	
DIACOL		40804605	Diacoll	
DIAFORMIN 850		43252751	Diaformin	
DIAFORMIN XR		43252751	Diaformin	
DIANE-35 ED		43567357	Diane-35	
DIAPRIDE 1		43252773	Diapride	
DIAPRIDE 2		43252773	Diapride	
DIAPRIDE 3		43252773	Diapride	
DIAPRIDE 4		43252773	Diapride	
DIASP		43252631	Diasp Sr	
DIAZEPAM	1			
DIAZEPAM SUPPOSITORIES	1			
DIDROCAL OSTEOPOROSIS THERAPY		43252669	Didrocal	
DIFFERIN TOPICAL		19023386	Differin	
DIFFERIN TOPICAL GEL		19023386	Differin	
DIFFLAM ANTI-INFLAMMATORY LOZENGE		19112994	Difflam	
DIFFLAM ANTI-INFLAMMATORY LOZENGE Sugar Free		19112994	Difflam	
DIFFLAM SORE THROAT GARGLE WITH IODINE		19112994	Difflam	
DIFLUCAN DUO		19043888	Diflucan	
DILANTIN FORTE		19043651	Dilantin	
DILANTIN PAEDIATRIC SUSP.		19043651	Dilantin	
DILART HCT		43252706	Dilart	
DILATREND TITRATION PACK		43252716	Dilatrend	
DILTAHEXAL CD		43252725	Diltahexal	
DILZEM CD		43252755	Dilzem	
DIMETAPP ALLERGIC RHINITIS COLOUR FREE KIDS 2-5 YEARS		19061130	Dimetapp	
DIMETAPP CHEST CONGESTION PAEDIATRIC DROPS		19061130	Dimetapp	
DIMETAPP CHESTY COUGH ELIXIR		19061130	Dimetapp	
DIMETAPP COLD,COUGH & SINUS LIQUID CAPS		19061130	Dimetapp	
DIMETAPP COLOUR FREE INFANT DROPS		19061130	Dimetapp	
DIMETAPP COUGH COLD + FLU DAY + NIGHT LIQUID CAPS		19061130	Dimetapp	
DIMETAPP COUGH COLD + FLU DAY RELIEF LIQUID CAPS		19061130	Dimetapp	
DIMETAPP COUGH COLD + FLU NIGHT RELIEF CAPS		19061130	Dimetapp	
DIMETAPP DM DROPS COLOUR FREE COUGH & COLD		19061130	Dimetapp	
DIMETAPP DM DROPS COUGH & COLD		19061130	Dimetapp	
DIMETAPP DM ELIXIR COLOUR FREE COUGH & COLD		19061130	Dimetapp	
DIMETAPP DM ELIXIR COUGH & COLD		19061130	Dimetapp	
DIMETAPP DM ELIXIR PAEDIATRIC DROPS		19061130	Dimetapp	
DIMETAPP ELIXIR COLD & ALLERGY		19061130	Dimetapp	
DIMETAPP ELIXIR COLOUR FREE COLD & ALLERGY		19061130	Dimetapp	
DIMETAPP INFANT'S PAIN & FEVER IBUPROFEN COLOUR FREE RELIEF SUSPENS'N		19061130	Dimetapp	
DIMETAPP PE DAY + NIGHT COUGH COLD + FLU		19061130	Dimetapp	
DIMETAPP PE SINUS DAY + NIGHT		43252633	Dimetapp Pe Sinus Pain	
DIMETAPP PE SINUS PAIN + ALLERGY		43252633	Dimetapp Pe Sinus Pain	
DIMETAPP SINUS LIQUID CAPS		19061130	Dimetapp	
DIOCTYL SODIUM SULPHOSUCCINATE		19062178	Dioctyl	
DIPHTHERIA VACCINE ADSORBED	ing			
DIPROSONE OV		19062340	Diprosone	
DISODIUM ETIDRONATE	ing			
DISPRIN DIRECT		21018166	Disprin	
DISPRIN FORTE		21018166	Disprin	
DISPRIN MAX		21018166	Disprin	
DIZOLE ONE		43252684	Dizole	
DOLASED ANALGESIC-CALMATIVE		43252847	Dolased	
DOLASED FORTE		43252847	Dolased	
MERSYNDOL CAPLETS		43253327	Mersyndol	
MERSYNDOL DAYSTRENGTH		43253327	Mersyndol	
MERSYNDOL FORTE		43253327	Mersyndol	
METAMUCIL FIBRECAPS		19003263	Metamucil	
METAMUCIL FIBRESURE		19003263	Metamucil	
METAMUCIL LEMON-LIME SMOOTH FIBRE SUPPLEMENT		19003263	Metamucil	
METAMUCIL NATURAL GRANULAR FIBRE SUPPLEMENT		19003263	Metamucil	
METAMUCIL NATURAL SMOOTH FIBRE SUPPLEMENT		19003263	Metamucil	
METAMUCIL ORANGE FLAVOUR		19003263	Metamucil	
METAMUCIL ORANGE GRANULAR FIBRE SUPPLEMENT		19003263	Metamucil	
METAMUCIL ORANGE SMOOTH FIBRE SUPPLEMENT		19003263	Metamucil	
METAMUCIL WILD BERRY SMOOTH FIBRE SUPPLEMENT		19003263	Metamucil	
METEX XR		43570780	Metex	
METFORMIN	ing			
METFORMIN RANBAXY 1000		43129896	METFORMINE RANBAXY	
METHADONE POWDER	ing			
METHOHEXITONE SODIUM	ing			
METHOPT		43253436	Methopt Tears	
METHOPT FORTE		43253436	Methopt Tears	
METHYL	ing			
METHYL SALICYLATE	ing			
METHYL SULFONYL METHANE	ing			
METHYLCOBALAMIN	ing			
METROGYL 200		43253463	Metrogyl	
METROGYL 400		43253463	Metrogyl	
METROL 100		43253464	Metrol	
METROL-XL		43253464	Metrol	
METRONIDAZOLE	ing			
METRONIDAZOLE IV INFUSION	ing			
METSAL ANALGESIC GEL				
METSAL AR ANALGESIC GEL		43253320	Metsal	
METSAL HEAT RUB GEL		43253320	Metsal	
METSAL LINIMENT		43253320	Metsal	
MICROGYNON 20 ED		21014736	Microgynon	
MICROGYNON 30 ED		21014736	Microgynon	
MICROGYNON 50 ED		21014736	Microgynon	
MICROLEVLEN ED		43253353	Microlevlen	
MICRONELLE 20 ED		43253365	Micronelle	
MICRONELLE 30 ED		43253365	Micronelle	
MICROSHIELD T		43253366	Microshield	
MINAX XL		43253523	Minax	
MINERAL MATRIX WITH SELENIUM	1			
MINIMS AMETHOCAINE HCL		19053429	Minims Amethocaine hydrochloride	
MINIMS OXYBUPROCAINE HCL		21015505	Minims oxybuprocaine hydrochloride	
MINIMS SODIUM CHLORIDE		21016402	Minims saline	
MITOMYCIN C		19053504	Mitomycin C Kyowa	
MIXTARD 20/80 NOVOLET		21017389	Mixtard	
MIXTARD 20/80 PENFILL		21017389	Mixtard	
MIXTARD 30/70		21017389	Mixtard	
MIXTARD 30/70 INNOLET		21017389	Mixtard	
MIXTARD 30/70 NOVOLET		21017389	Mixtard	
MIXTARD 30/70 PENFILL		21017389	Mixtard	
MIXTARD 50/50		21017389	Mixtard	
MIXTARD 50/50 NOVOLET		21017389	Mixtard	
MIXTARD 50/50 PENFILL		21017389	Mixtard	
MIZART HCT		43253568	Mizart	
MMR II	ing			
MOBILIS 10				
MOBILIS 20		43253474	Mobilis	
MOBILIS-D 10		43253474	Mobilis	
MOBILIS-D 20		43253474	Mobilis	
MOCLOBEMIDE SANDOZ		43573785	Moclobemid Sandoz	
MONISTAT 1 COMPOSITE PACK		19099337	Monistat	
MONOPLUS 10/12.5		43253493	Monoplus	
MONOPLUS 20/12.5		43253493	Monoplus	
MOOV HEAD LICE COMBING CONDITIONER		43253516	Moov Head Lice	
MOOV HEAD LICE SHAMPOO		43253516	Moov Head Lice	
MORPHINE MIXTURE	ing			
MOVELAT SPORTZ		21018883	Movelat	
MOVICOL CHOCOLATE		43253544	Movicol	
MOVICOL FLAVOUR FREE		43253544	Movicol	
MOVICOL HALF		43253544	Movicol	
MOVICOL JUNIOR		43253544	Movicol	
MOVICOL JUNIOR CHOCOLATE		43253544	Movicol	
MOVICOL READY TO TAKE		43253544	Movicol	
MOXICLAV DUO 500/125		43253556	Moxiclav Duo	
MOXICLAV DUO FORTE		43253556	Moxiclav Duo	
MUCAINE 2 in 1		44018079	Mucaine	
MULTI B FORTE		44018087	Multi B	
MULTILOAD-CU375		40811610	Multiload Cu	
MULTIMINERAL	ing			
MULTIVITAMINS & MINERALS	ing			
MUPIROCIN		43573907	Mupirocin Gsk	
MURINE CLEAR EYES		44017510	Murine	
MURINE REVITAL EYES		44017510	Murine	
MURINE SORE EYES		44017510	Murine	
MURINE TEARS FOR EYES		44017510	Murine	
MYCIL HEALTHY FEET TINEA POWDER		21018002	Mycil	
MYCODERM POWDER		43253573	Mycoderm	
MYCOPHENOLATE SANDOZ		43130638	MYCOPHENOLATE MOFETIL SANDOZ	
MYCOSTATIN ORAL		19043564	Mycostatin	
MYGLUCOHEALTH	device			
MYLANTA DOUBLE STRENGTH		19011151	Mylanta	
MYLANTA DUAL ACTION		19011151	Mylanta	
MYLANTA EFFERVESCENT ANTACID,LEMON FLAVOUR		19011151	Mylanta	
MYLANTA ORIGINAL		19011151	Mylanta	
MYLANTA RANITIDINE 12 HOUR ACTION		19011151	Mylanta	
MYLANTA RANITIDINE 24 HOUR ACTION		19011151	Mylanta	
MYSTECLIN 250		43572851	Mysteclin	
MYSTECLIN V		43572851	Mysteclin	
NABILONE	ing			
NALOXONE HCl MIN-I-JET		43253488	Naloxone Min-I-Jet	
NAPROXEN	ing			
NASALATE DRY RELIEF OIL		43253519	Nasalate	
NASALATE NOSEBLEED GEL		43253519	Nasalate	
NASEX NATURAL RINSE		19071526	Nasex	
NASONEX ALLERGY		19023532	Nasonex	
NASONEX JUNIOR		19023532	Nasonex	
NATURAL FISH OIL	ing			
NATURAL VITAMIN E	ing			
NEILMED		40812495	Neilmed Nasoflo	1
NEILMED		40812496	Neilmed Nasogel	2
NEMDYN		43253535	Nemdyn Otic	
NEO-B12		43253536	Neo-B	
NEOSPORIN OPHTHALMIC		19081491	Neosporin	
NEUTRAFLUOR 5000 PLUS TOOTHPASTE		43253563	Neutrafluor	
NEUTRAFLUOR 900 RINSE		43253563	Neutrafluor	
NEUTRAFLUOR GEL		43253563	Neutrafluor	
NEXIUM HP7		19005694	Nexium	
NEXIUM IV		19005694	Nexium	
NICABATE CLEAR		19101357	Nicabate	
NICABATE PRE-QUIT		19101357	Nicabate	
NICABATE SOFT GUM		19101357	Nicabate	
NICORETTE CITRUS GUM		19048313	Nicorette	
NICORETTE CLASSIC GUM		19048313	Nicorette	
NICORETTE FRESHMINT GUM		19048313	Nicorette	
NICORETTE ICY MINT		19048313	Nicorette	
NICORETTE INHALATOR		19048313	Nicorette	
NICORETTE INVISIPATCH STEP 1		19048313	Nicorette	
NICORETTE INVISIPATCH STEP 2		19048313	Nicorette	
NICORETTE INVISIPATCH STEP 3		19048313	Nicorette	
NICORETTE MICROTAB CLASSIC		19048313	Nicorette	
NICORETTE MICROTAB LEMON		19048313	Nicorette	
NICORETTE MINT GUM		19048313	Nicorette	
NICORETTE PATCH		19048313	Nicorette	
NICORETTE PATCH STEP 1		19048313	Nicorette	
NICORETTE PATCH STEP 2		19048313	Nicorette	
NICORETTE PATCH STEP 3		19048313	Nicorette	
NICORETTE QUICKMIST		19048313	Nicorette	
NICOTINELL CHEWING GUM		21015132	Nicotinell	
NICOTINELL STEP 1		21015132	Nicotinell	
NICOTINELL STEP 2		21015132	Nicotinell	
NICOTINELL STEP 3		21015132	Nicotinell	
NICOTINIC ACID	ing			
NILSTAT ORAL		19043567	Nilstat	
NILSTAT TOPICAL		19043567	Nilstat	
NIVESTIM PFS		21015073	Nivestim	
NIZORAL SHAMPOO		19043477	Nizoral	
NO DOZ PLUS		19043024	No Doz	
NORDETTE 21		19054803	Nordette	
NORDETTE 50		19054803	Nordette	
NORIDAY 28 DAY		43253567	Noriday Day	
NORIMIN 28 DAY		43253577	Norimin	
NORPROLAC STARTER PACK		19014783	Norprolac	
NOVOMIX 30 FLEXPEN		44020986	Novomix	
NOVOMIX 30 PENFILL		44020986	Novomix	
NOVORAPID FLEXPEN		43253490	Novorapid	
NOVORAPID NOVOLET		43253490	Novorapid	
NOVORAPID PENFILL		43253490	Novorapid	
NOVOSEVEN RT		19023205	Novoseven	
NOZOIL NOSE DROPS		43253501	Nozoil	
NU-LAX		43253502	Nu-Lax Fruit Laxative	
NUCOSEF		43253507	Nucosef Syrup	
NUELIN-SR 125		21018489	Nuelin	
NUELIN-SR 200		21018489	Nuelin	
NUELIN-SR 250		21018489	Nuelin	
NUELIN-SR 300		21018489	Nuelin	
NUPENTIN 100		43253509	Nupentin	
NUPENTIN 300		43253509	Nupentin	
NUPENTIN 400		43253509	Nupentin	
NUPENTIN TABS		43253509	Nupentin	
NUROFEN 400 DOUBLE STRENGTH		21016480	Nurofen	
NUROFEN BACK PAIN		21016480	Nurofen	
NUROFEN COLD & FLU		21016480	Nurofen	
NUROFEN COLD & FLU PE		21016480	Nurofen	
NUROFEN FOR CHILDREN 1-5 YEARS		21016480	Nurofen	
NUROFEN FOR CHILDREN 5-12 YEARS		19054055	Nurofen For Children	
NUROFEN FOR CHILDREN BABY 3 MONTHS + DROPS		19054055	Nurofen For Children	
NUROFEN FOR CHILDREN BABY 3+ MONTHS		19054055	Nurofen For Children	
NUROFEN FOR CHILDREN MELTLETS		19054055	Nurofen For Children	
NUROFEN JUNIOR		21016480	Nurofen	
NUROFEN MELTLETS		21016480	Nurofen	
NUROFEN MIGRAINE PAIN		21016480	Nurofen	
NUROFEN PERIOD PAIN		21016480	Nurofen	
NUROFEN PLUS		21016480	Nurofen	
NUROFEN SINUS PAIN PE		21016480	Nurofen	
NUROFEN TENSION HEADACHE		21016480	Nurofen	
NUROFEN ZAVANCE		21016480	Nurofen	
NUROLASTS		43253644	Nurolasts Period Pain	
NYEFAX 20		43253652	Nyefax	
OCUVITE PRESERVISION		40170105	Ocuvite	
ODABAN-ANTI-PERSPIRANT		21017210	Odaban	
OESTRADIOL	ing			
OESTRADIOL FUSED CRYSTALLINE	ing			
OESTRADIOL HEMIHYDRATE	ing			
OESTRADIOL IMPLANT	ing			
OESTRADIOL VALERATE	ing			
OLMETEC PLUS		21017495	Olmetec	
OMEGA 3:6:9		40812687	Omega 3 6	
OMEGA OILS 3,6,m		40812687	Omega 3 6	
OMEPRAZOLE	ing			
OMNITEST EZ	device			
OMNITEST PLUS	device			
ON-CALL PLUS	device			
ONBREZ BREEZHALER		40813629	Onbrez	
ONDANSETRON SZ		43131941	ONDANSETRON SANDOZ	
ONDANSETRON SZ ODT		43131941	ONDANSETRON SANDOZ	
ONDANSETRON-RL ZYDIS		43131944	ONDANSETRON ZYDUS	
ONDAZ ZYDIS		43253601	Ondaz	
ONE	?			
ONSETRON 4		43253611	Onsetron	
ONSETRON 8		43253611	Onsetron	
ONSETRON ODT		43253611	Onsetron	
OPTIFRESH PLUS		43253616	Optifresh	
OPTIFRESH TEARS		43253616	Optifresh	
OPTIVE ADVANCED		21015462	Optive	
OPTIVE ADVANCED PRESERVATIVE-FREE LUBRICANT		21015462	Optive	
OPTIVE FUSION LUBRICANT		21015462	Optive	
OPTREX ACTIMIST 2in1		35741986	Optrex	
OPTREX EYE WASH		35741986	Optrex	
ORAL	?			
ORAL B TOOTH & GUM CARE MOUTH RINSE		40813529	Oral B	
ORAL-EZE DENTAL EMERGENCY TOOTHACHE MEDICATION		43253626	Oral-Eze	
ORALAIR INITIATION TREATMENT		43573568	Oralair	
ORTHO-GYNOL		40813407	Ortho Gynol	
ORUVAIL SR		19022352	Oruvail	
OSTELIN VITAMIN D & CALCIUM		43253648	Ostelin Vitamin D	
OSTELIN VITAMIN D LIQUID		43253648	Ostelin Vitamin D	
OSTELIN VITAMIN D LIQUID KIDS		43253648	Ostelin Vitamin D	
OSTEOBLAST		43253659	Osteoeze Tabsule	
OSTEOEZE		43253659	Osteoeze Tabsule	
OSTEOEZE ACTIVE		43253659	Osteoeze Tabsule	
OSTEOEZE ACTIVE PLUS MSM		43253659	Osteoeze Tabsule	
OSTEOEZE ADVANCE		43253659	Osteoeze Tabsule	
OSTEOEZE BONE & JOINT CARE		43253659	Osteoeze Tabsule	
OSTEOEZE ONE A DAY EFFERVESCENT		43253659	Osteoeze Tabsule	
OSTEOEZE SPORT PROACTIVE		43253659	Osteoeze Tabsule	
OSTEOMOL 665 PARACETAMOL		43253661	Osteomol	
OSTEVIT D		43253663	Ostevit-D	
OSTEVIT D & CALCIUM		43253663	Ostevit-D	
OSTEVIT D & CALCIUM ONE-A-DAY		43253663	Ostevit-D	
OSTEVIT D LIQUID		43253663	Ostevit-D	
OSTEVIT-D + CALCIUM PLUS ONE-A-DAY		43253663	Ostevit-D	
OSTEVIT-D CHILDRENS ORAL DROPS		43253663	Ostevit-D	
OSTEVIT-D ONE-A-WEEK		43253663	Ostevit-D	
OTRIVIN PLUS		19088889	Otrivin	
OTRIVIN SALINE BABY		19088889	Otrivin	
OTRIVIN SALINE PLUS		19088889	Otrivin	
OTRIVIN SEA WATER		19088889	Otrivin	
OVESTIN OVULA		21014621	Ovestin	
OXY	?			
OXYCODONE SANDOZ		40813205	Oxycodon Hcl Sandoz	
OXYGUARD	device			
OXYNORM LIQUID		19113598	Oxynorm	
OXYNORM LIQUID CONCENTRATE		19113598	Oxynorm	
OZOLE 150		43253587	Ozole	
P.V. CARPINE		43253610	Pv Carpine	
PAEDAMIN DECONGESTANT & ANTIHISTAMINE		43253763	Paedamin Children'S Decongestant And Antihistamine	
PAIN	?			
PAINSTOP DAY-TIME PAIN RELIEVER FOR CHILDREN		43253775	Painstop For Children Day-Time Pain Reliever	
PAINSTOP NIGHT-TIME PAIN RELIEVER FOR CHILDREN		43253776	Painstop For Children Night-Time Pain Reliever	
PALEXIA IR		21014504	Palexia	
PALEXIA SR		21014504	Palexia	
PAMACID 20		43253797	Pamacid	
PAMACID 40		43253797	Pamacid	
PANADEINE EXTRA		43253799	Panadeine	
PANADEINE FORTE		43253799	Panadeine	
PANADEINE PLUS		43253799	Panadeine	
PANADEINE RAPID SOLUBLE		43253799	Panadeine	
PANADOL BACK + NECK LONG LASTING		43253806	Panadol Back And Neck Long Lasting	
PANADOL BACK + NECK PAIN RELIEF		43253807	Panadol Back And Neck Pain Relief	
PANADOL CAPLETS		43253808	Panadol Caplet	
PANADOL CHILDREN 10-12YRS + ADULT SUPPOSITORIES		43253810	Panadol Children'S	
PANADOL COLD & FLU HOT LEMON		43253683	Panadol Cold And Flu	
PANADOL COLD & FLU MAX + DECONGESTANT HOT LEMON		43253683	Panadol Cold And Flu	
PANADOL COLD & FLU MAX HOT LEMON		43253683	Panadol Cold And Flu	
PANADOL COLD & FLU PLUS DECONGESTANT		43253683	Panadol Cold And Flu	
PANADOL COLD & FLU RELIEF PE		43253683	Panadol Cold And Flu	
PANADOL COLD AND FLU RELIEF		43253683	Panadol Cold And Flu	
PANADOL COLD AND FLU RELIEF ORIGINAL FORMULA		43253683	Panadol Cold And Flu	
PANADOL ELIXIR		19042334	Panadol	
PANADOL EXTEND		19042334	Panadol	
PANADOL FLU STRENGTH DAY & NIGHT PE		43253693	Panadol Flu Strength Day And Night Pe	
PANADOL MINI CAPS		43253696	Panadol Mini Cap	
PANADOL RAPID HANDIPAK		43253705	Panadol Rapid	
PANADOL RAPID SOLUBLE		43253705	Panadol Rapid	
PANADOL SINUS PAIN & CONGESTION RELIEF		43253707	Panadol Sinus	
PANADOL SINUS PAIN & CONGESTION RELIEF DAY & NIGHT		43253707	Panadol Sinus	
PANADOL SINUS RELIEF		43253707	Panadol Sinus	
PANADOL SINUS RELIEF DAY & NIGHT ORIGINAL FORMULA		43253707	Panadol Sinus	
PANADOL SINUS RELIEF ORIGINAL FORMULA		43253707	Panadol Sinus	
PANADOL SINUS RELIEF PE		43253707	Panadol Sinus	
PANADOL SUPPOSITORIES		19042334	Panadol	
PANAMAX 240 ELIXIR		43253726	Panamax	
PANAMAX CO		43253726	Panamax	
PANCREATIC EXTRACT	ing			
PANDEMIC INFLUENZA VACCINE H5N1	ing			
PANOXYL ACNE GEL		19042990	PanOxyl	
PANOXYL AQ ACNE GEL		19042990	PanOxyl	
PANTOFAST 20		43253744	Pantofast	
PANTOFAST 40		43253744	Pantofast	
PANTOPRAZOLE SANDOZ		43572457	Pantoprazol Sandoz	
PANZYTRAT 25000		43253783	Panzytrat	
PARACETAMOL	ing			
PARACETAMOL SOLUBLE	ing			
PARADERM PLUS		43253785	Paraderm	
PARALGIN INFANT DROPS		43253791	Paralgin	
PARALGIN JUNIOR ELIXIR 1-4 YEARS		43253791	Paralgin	
PARALGIN JUNIOR ELIXIR 5-12 YEARS		43253791	Paralgin	
PARIET 10		19054408	Pariet	
PAROVEN FORTE		19026689	Paroven	
PAROXETINE 20	ing			
PAROXETINE ACTAVIS		40814423	Paroxetin Actavis	
PATENT BLUE		40814267	Patentblau V	
PAW PAW EXTRACT	ing			
PAXAM 0.5		43253823	Paxam	
PAXAM 2		43253823	Paxam	
PEDOZ		43253826	Pedoz Anti-Fungal	
PEG 3350	ing			
PEGASYS RBV COMBINATION THERAPY		19037333	Pegasys	
PENHEXAL VK		40814464	Penhexal	
PENTA-VITE		43253737	Penta-Vite Multivitamins For Infants 0 To 3 Years	1
PENTA-VITE		43253738	Penta-Vite Multivitamins With Iron For Kids 1 To 12 Years	2
PENTA-VITE CHILDRENS MULTIVITAMIN WITH IRON		43253737	Penta-Vite Multivitamins For Infants 0 To 3 Years	1
PENTA-VITE CHILDRENS MULTIVITAMIN WITH IRON		43253738	Penta-Vite Multivitamins With Iron For Kids 1 To 12 Years	2
PENTHROX INHALATION		21017431	Penthrox	
PEPCIDINE M		43253751	Pepcidine	
PERINDO ARG		43253760	Perindo	
PERINDO ARG COMBI		43253760	Perindo	
PERINDO COMBI 4/1.25		43253760	Perindo	
PERINDOPRIL COMBI ACTAVIS		43128435	PERINDOPRIL ACTAVIS	
PERIOGARD CHLOROHEX GEL		19077131	Periogard	
PERIOGARD CHLOROHEX MOUTH RINSE		19077131	Periogard	
PERSANTIN SR		19077131	Periogard	
PERTOFRAN		19132391	Pertofrane	
PETHIDINE HCl		40814343	Pethidin	
PEVARYL FOR ATHLETES FOOT		19132699	Pevaryl	
PEVARYL TOPICAL		19132699	Pevaryl	
PHARMA-COL JUNIOR SUSP.		44021524	Pharmacol Dm	
PIAX PLUS ASPIRIN		43253739	Piax	
PICOLAX EFFERVESCENT POWDER		19115029	Picolax	
PICOSALAX		43253741	Pico-Salax	
PINETARSOL BAR		21017368	Pinetarsol	
PINETARSOL BATH OIL		21017368	Pinetarsol	
PINETARSOL GEL		21017368	Pinetarsol	
PIPERTAZ SANDOZ		43253908	Pipertaz	
PLAVICOR 75		43253927	Plavicor	
PLENDIL ER		19044934	Plendil	
PMT	?			
POLARAMINE COLOUR FREE		19016499	Polaramine	
POLICOSANOL	ing			
POLICOSANOL 10	ing			
POLY-TEARS FREE		43253949	Poly-Tears	
POLYETHYLENE GLYCOL 400/PROPYLENE GLYCOL	ing			
POLYTAR LIQUID		19077936	Polytar	
POLYTAR MEDICATED BAR		19077936	Polytar	
POVIDONE-IODINE	ing			
PRAVASTATIN 10	ing			
PRAVASTATIN 20	ing			
PRAVASTATIN 40	ing			
PREDSOL RETENTION		19115040	Predsol	
PREDSOL SUPPOSITORIES		19115040	Predsol	
PREFRIN LIQUIFILM		19078118	Prefrin	
PREPULSID FORTE		19015054	Prepulsid	
PRESOLOL 100		43253839	Presolol	
PRESOLOL 200		43253839	Presolol	
PREXUM COMBI		43253850	Prexum	
PRICKLY HEAT POWDER		43253852	Prickly Heat	
PRIMROSE,FISH OIL AND VITAMIN E	ing			
PROBIOTIC	?			
PROBIOTICS	?			
PROBITOR HP7		43253880	Probitor	
PROCUR 100		43253888	Procur	
PRODEINE FORTE		43253892	Prodeine	
PROGOUT 300		43253898	Progout	
PROGRAF XL		19038654	Prograf	
PROMETHAZINE THEOCLATE	ing			
PROPAMIDINE ISETHIONATE	ing			
PROSPAN INFANT DROPS FOR CHESTY COUGHS		40814544	Prospan	
PROSTIN		43253915	Prostin E	1
PROSTIN		43253916	Prostin F Alpha	2
PROSTIN F2 ALPHA		43253916	Prostin F Alpha	
PROTAPHANE INNOLET		43253917	Protaphane	
PROTAPHANE NOVOLET		43253917	Protaphane	
PROTAPHANE PENFILL		43253917	Protaphane	
PROTEIN COMPLETE	?			
PROZAC 20		19080259	Prozac	
PROZAC LIQUID		19080259	Prozac	
PROZAC TAB		19080259	Prozac	
PSYLLIUM HUSK	ing			
PSYLLIUM HUSK POWDER	ing			
PULMICORT AEROSOL		19038786	Pulmicort	
PVK	ing			
PYLORID KA COMPLIANCE PACK		19015164	Pylorid	
Q10 150	ing			
QUELLADA CREME RINSE		40815606	Quellada	
QUELLADA HEAD LICE TREATMENT		40815606	Quellada	
QUELLADA SCABIES TREATMENT		40815606	Quellada	
QUETIAPINE ACTAVIS		40815719	Quetiapin Actavis	
QUETIAPINE RBX		35406526	QUETIAPINE RANBAXY L	
QUETIAPINE SANDOZ		35406527	QUETIAPINE SANDOZ L	
QUILONUM SR		43575124	Quilonum	
QUITX CHEWING GUM		43253902	Quitx	
QUITX COATED CHEWING GUM		43253902	Quitx	
QUITX PATCHES STEP 1		43253902	Quitx	
QUITX PATCHES STEP 2		43253902	Quitx	
QUITX PATCHES STEP 3		43253902	Quitx	
QV BABY GENTLE WASH		21016117	QV	
QV FLARE UP WASH		21016117	QV	
QV MAN MOISTURISE		21016117	QV	
RABEPRAZOLE ACTAVIS		40815656	Rabeprazol Actavis	
RABIES IMMUNE GLOBULIN	ing			
RAFEN 200		43253923	Rafen	
RAFEN PLUS		43253923	Rafen	
RANI 2		43253860	Rani-2	
REANDRON 1000		43254004	Reandron-1000	
REBIF 22		19089282	Rebif	
REBIF 44		19089282	Rebif	
REDOXON DOUBLE ACTION		19015168	Redoxon	
REFRESH CONTACTS		21015429	Refresh	
REFRESH NIGHT TIME		21015429	Refresh	
REFRESH TEARS PLUS		40233825	Refresh Tears	
REGAINE FOR MEN		43254069	Regaine	
REGAINE FOR WOMEN		43254069	Regaine	
REJUVENAIL ANTI-FUNGAL NAIL LACQUER		43254078	Rejuvenail Anti-Fungal	
RELAXA-TABS		44020172	Relaxa	
RENITEC PLUS		19024123	Renitec	
RENITEC WAFER		19024123	Renitec	
RESDONE 0.5		43253977	Resdone	
RESDONE 1		43253977	Resdone	
RESDONE 2		43253977	Resdone	
RESDONE 3		43253977	Resdone	
RESDONE 4		43253977	Resdone	
RESOLVE BALM		21017144	Resolve	
RESOLVE NAPPY RASH		21017144	Resolve	
RESOLVE PLUS		21017144	Resolve	
RESOLVE THRUSH		21017144	Resolve	
RESOLVE TINEA		21017144	Resolve	
RESOLVE TINEA POWDER		21017144	Resolve	
RESPRIM FORTE		43253994	Resprim	
RESTORE O.R.S.		43253997	Restore Ors	
RHINOCORT AEROSOL		19038813	Rhinocort	
RHINOCORT HAYFEVER		19038813	Rhinocort	
RIMYCIN 150		43254033	Rimycin	
RIMYCIN 300		43254033	Rimycin	
RINGER'S		43130228	RINGER LACTATE B	
RISEDRO ONCE-A-WEEK		43254061	Risedro Once A Week	
RISPERIDONE ACTAVIS 0.5		40816195	Risperidon Actavis	
RISPERIDONE ACTAVIS 1		43574933	Risperidon Al	
RISPERIDONE ACTAVIS 3		40816195	Risperidon Actavis	
RISPERIDONE PFIZER		40816252	Risperidon Pfizer	
RITHMIK 100		43253981	Rithmik	
RITHMIK 200		43253981	Rithmik	
RIZATRIPTAN AN ODT		43253987	Rizatriptan Odt	
RIZATRIPTAN WAFERS 10-MG	ing			
ROBINUL INJECTABLE		19022648	Robinul	
ROBITUSSIN CHESTY COUGH FORTE		21016655	Robitussin Chesty Cough	
ROBITUSSIN CHESTY COUGH ORAL LIQUID		21016655	Robitussin Chesty Cough	
ROBITUSSIN COLD & CHESTY COUGH ORAL LIQUID		19080141	Robitussin	
ROBITUSSIN COLD & FLU + DECONGESTANT		19080141	Robitussin	
ROBITUSSIN COLD & FLU JR		19080141	Robitussin	
ROBITUSSIN COUGH & CHEST CONGESTION		45774926	Robitussin Cough & Congestion	
ROBITUSSIN DM-P		19043760	Robitussin DM	
ROBITUSSIN DM-P EXTRA STRENGTH		19043760	Robitussin DM	
ROBITUSSIN EX PAEDIATRIC DROPS		19080141	Robitussin	
ROBITUSSIN MUCUS RELIEF DOUBLE ACTION		19080141	Robitussin	
ROBITUSSIN SINUS RELIEF		19080141	Robitussin	
ROTARIX ORAL LIQUID		19063207	Rotarix	
ROTAVIRUS REASSORTANTS G	ing			
ROYAL JELLY	ing			
RULIDE D		43253969	Rulide	
SALBUTAMOL INHALATION SOLUTION - BOTTLE	ing			
SALBUTAMOL INHALATION SOLUTION - STERINEBS	ing			
SALICYLIC	ing			
SALIVA SUBSTITUTE	ing			
SALMONELLA TYPHI STRAIN TY21A	ing			
SALMONELLA TYPHI VI POLYSACCHARIDE	ing			
SAMBUCOL BLACK ELDERBERRY COLD & FLU		40816104	Sambucol	
SAMe 400 COMPLEX		40816107	Same	
SANDOSTATIN 0.1		19038591	Sandostatin	
SAPODERM SOAP		44023370	Sapoderm	
SAVACOL MOUTH AND THROAT RINSE		43254026	Savacol	
SCHOLL 2 IN 1 CORN EXPRESS PEN TREATMENT		40816887	Scholl 2 In 1	
SCHOLL CORN REMOVING LIQUID		21014765	Scholl Corn Removers	
SCITROPIN A		43254037	Scitropin	
SEBITAR SCALP CLEANSING TREATMENT		43254052	Sebitar	
SEBIZOLE SHAMPOO		43254054	Sebizole	
SEDA GEL		43254056	Sedagel	
SEEBRI BREEZHALER		35605304	Seebri	
SELEMITE-B		43254066	Selemite B	
SELENIUM DROPS	ing			
SELSUN BLUE DEEP CLEANSING		19080746	Selsun Blue	
SELSUN BLUE EXTRA MEDICATED SOOTHING MENTHOL		19080746	Selsun Blue	
SELSUN BLUE REPLENISHING		19080746	Selsun Blue	
SENEGA AND AMMONIA MIXTURE	ing			
SENNA STANDARDISED	ing			
SENNOSIDES A & B	ing			
SEPTRIN PAED. SUSP.		21018027	Septrin Paediatric	
SEPTRIN SUGAR FREE PAED.		21018027	Septrin Paediatric	
SEQUILAR ED		40816792	Sequilar	
SERETIDE ACCUHALER 100/50		21016198	Seretide	
SERETIDE ACCUHALER 250/50		21016198	Seretide	
SERETIDE ACCUHALER 500/50		21016198	Seretide	
SERETIDE MDI		21016198	Seretide	
SEROQUEL STARTER PACK		19046811	Seroquel	
SEROQUEL XR		19046811	Seroquel	
SERTRALINE WINTHROP		43574464	Sertralin Winthrop	
SEVIKAR 40/		21018794	Sevikar	
SEVIKAR HCT		21018794	Sevikar	
SILIC 15		43254186	Silic	
SILYMARIN EXTRACT	ing			
SIMIPEX 0.125		43254201	Simipex	
SIMIPEX 0.25		43254201	Simipex	
SIMVASTATIN	ing			
SINEMET 100/25		19100380	Sinemet	
SINEMET 250/25		19100380	Sinemet	
SINEX 12 HOUR ULTRA FINE MIST		40230175	Sinex	
SINUPRET FORTE		43576538	Sinupret	
SINUS & HAYFEVER RELIEF		43254132	Sinus And Hayfever Relief	
SINUTAB PE SINUS & PAIN RELIEF		43254148	Sinutab Pe Sinus And Pain Relief	
SINUTAB PE SINUS ALLERGY & PAIN RELIEF		43254162	Sinutab Pe Sinus Allergy And Pain Relief	
SINUTAB SINUS & PAIN RELIEF		40235844	Sinutab	
SINUTAB SINUS ALLERGY & PAIN RELIEF		40235844	Sinutab	
SLIPPERY	?			
SLIPPERY ELM BARK POWDER	ing			
SM-	?			
SM-33 ADULT FORMULA LIQUID		43253971	Sm-33	
SNORE EZE		40817743	Snoreeze	
SNUZAID GELS		43254206	Snuzaid	
SNUZAID TABS		43254206	Snuzaid	
SODIUM BICARBONATE	ing			
SODIUM CHLORIDE	ing			
SODIUM CHLORIDE 0.9%	ing			
SODIUM CHLORIDE IV INFUSION	ing			
SODIUM CITRO-TARTRATE	ing			
SODIUM SELENITE DROPS	ing			
SODIUM VALPROATE SANDOZ		40818870	Valproat Sandoz	
SOMAC GRANULES		43254123	Somac	
SOMAC HEARTBURN RELIEF		43254123	Somac	
SOOV BITE		43254151	Soov	
SOOV BURN		43254151	Soov	
SOOV IT		43254151	Soov	
SOOV PRICKLY HEAT POWDER		43254151	Soov	
SORBSAN PACKING		40817543	Sorbsan	
SOY BEAN POWDER	ing			
SPAN-K		43254195	Span K	
SPIOLTO RESPIMAT		40817727	Spiolto	
SPIRULINA EXTRACT	ing			
SPRAY-TISH MENTHOL		43254208	Spray-Tish	
SPREN 100		43254209	Spren	
ST JOHN'S WORT	ing			
ST JOHN'S WORT 1800	ing			
STADA ATORVASTATIN		43565520	Atorvastatin Stada	
STADA CLOPIDOGREL		43568024	Clopidogrel Stada	
STADA PANTOPRAZOLE		43572459	Pantoprazol Stada	
STADA QUETIAPINE		43574683	Quetiapin Stada	
STAPHYLEX 250		43254217	Staphylex	
STAPHYLEX 500		43254217	Staphylex	
STELAZINE SPANSULE		19088864	Stelazine	
STERIMAR PHYSIOLOGICAL SEA WATER MICROSPRAY		40817231	Sterimar	
STIEPROX LIQUID		43254084	Stieprox	
STIEVA-A FORTE		43254085	Stieva-A	
STOP-IT		44022393	Stop It	
SUBLINGUAL B12 1000	ing			
SUBOXONE SUBLINGUAL FILM		19034634	Suboxone	
SUDAFED ELIXIR		19045651	Sudafed	
SUDAFED PE SINUS & ANTI-INFLAMMATORY PAIN RELIEF		19082276	Sudafed PE	
SUDAFED PE SINUS + ALLERGY & PAIN RELIEF		19092190	Sudafed PE Sinus & Allergy	
SUDAFED PE SINUS + PAIN RELIEF		19082276	Sudafed PE	
SUDAFED PE SINUS DAY & NIGHT RELIEF		19082276	Sudafed PE	
SUDAFED SINUS + ANTI-INFLAMMATORY PAIN RELIEF		19082276	Sudafed PE	
SUDAFED SINUS DAY AND NIGHT RELIEF		19081810	Sudafed Sinus	
SUDAFED SINUS,PAIN & ALLERGY RELIEF		19081810	Sudafed Sinus	
SUMAGRAN ASPEN		43254219	Sumagran	
SUPER MULTI PLUS		44023272	Super Multi	
SUPRADYN ENERGY		43254100	Supradyn	
SUSTANON `100`		19100432	Sustanon	
SUSTANON `250`		19100432	Sustanon	
SUVACID		43254105	Suvacid Heartburn Relief	
SYMBICORT RAPIHALER		19019100	Symbicort	
SYMBICORT TURBUHALER 100/6		19019100	Symbicort	
SYMBICORT TURBUHALER 200/6		19019100	Symbicort	
SYMBICORT TURBUHALER 400/12		19019100	Symbicort	
SYSTANE HYDRATION		19083709	Systane	
SYSTANE HYDRATION UD		19083709	Systane	
TAGAMET 800 EXPRESS		19022751	Tagamet	
TARKA 2/180		19017868	Tarka	
TARKA 4/240		19017868	Tarka	
TAURINE 500	ing			
TEAR DROPS	?			
TEARS FOR EYES	?			
TELMIGEN HCT		43254276	Telmigen	
TELTARTAN HCT	ing			
TEMAZE 10		43254303	Temaze	
TEMGESIC SUBLINGUAL		21016759	Temgesic	
TERBINAFINE ACTAVIS		40817920	Terbinafin Actavis	
TERBIX 250		43254331	Terbix	
TES-TAPE	device			
TESTOSTERONE ESTERS	ing			
TESTOSTERONE FUSED CRYSTALLINE	ing			
TESTOSTERONE IMPLANTS	ing			
TETANUS AND DIPHTHERIA TOXOIDS ADSORBED	ing			
TETANUS IMMUNOGLOBULIN-VF IM	ing			
TETANUS IMMUNOGLOBULIN-VF IV	ing			
TEVETEN PLUS 600/12.5		19100564	Teveten	
THYROXINE SODIUM	ing			
TIGER BALM OIL		40230280	Tiger Balm	
TILADE CFC-FREE		19069392	Tilade	
TIMOPTOL XE		19008234	Timoptol	
TINADERM EXTRA		40166548	Tinaderm	
TIXYLIX CHESTY		21014717	Tixylix Chesty Cough	
TIXYLIX DAYTIME DECONGESTANT		21016201	Tixylix	
TIXYLIX NIGHT		21017527	Tixylix Night Cough	
TOBISPRAY		19082884	Tobi	
TOBRA DAY		43254268	Tobra-Day	
TOPROL-XL TITRATION PACK		40167362	Toprol	
TRAMADOL ACT		43128195	TRAMADOL ACTAVIS	
TRAMAL SR		43254350	Tramal	
TRAMEDO SR		43254362	Tramedo	
TRANSIDERM-NITRO 25		19013262	Transiderm-Nitro	
TRANSIDERM-NITRO 50		19013262	Transiderm-Nitro	
TRAVAD PHOSPHATE		44022112	Travade	
TRIIODOTHYRONINE INJ.	ing			
TRIMETHYLGLYCINE	ing			
TRIPHASIL 21		43254267	Triphasil	
TRIQUILAR ED		44021849	Triquilar	
TRISEQUENS FORTE		21017627	Trisequens	
TRYZAN CAPS		43254291	Tryzan	
TRYZAN TABS		43254291	Tryzan	
TUBERCULIN,PURIFIED PROTEIN DERIVATIVE 	ing			
TUSSINOL DAY-TIME COUGH & COLD		43254306	Tussinol	
TUSSINOL EXPECTORANT		43254306	Tussinol	
TUSSINOL FOR DRY COUGHS		43254306	Tussinol	
TUSSINOL LINCTUS		43254306	Tussinol	
TUSSINOL LINCTUS SUGAR FREE		43254306	Tussinol	
TUSSINOL NIGHT-TIME COUGH & COLD		43254306	Tussinol	
TWINRIX 720/20		19023390	Twinrix	
TWINRIX 720/20 PRESERVATIVE FREE		19023390	Twinrix	
TWINRIX JUNIOR 360/10		19023390	Twinrix	
TWINRIX JUNIOR FORMULATION		19023390	Twinrix	
ULTRA BUFFERED C POWDER		44021981	Ultra C	
ULTRAPROCT SUPPOSITORIES		21015126	Ultraproct	
UNISOM SLEEPGELS		19084569	Unisom	
UREX-FORTE		19084626	Urex	
UREX-M		19084626	Urex	
URINARY TRACT SUPPORT	?			
URSODOX GH		43254365	Ursodox	
VALACICLOVIR SZ		43129126	VALACICLOVIR SANDOZ	
VALACOR 500		43254273	Valacor	
VALPREASE 200		43254292	Valprease	
VALPREASE 500		43254292	Valprease	
VALPRO 200		43254293	Valpro	
VALPRO 500		43254293	Valpro	
VALTREX COLDSORES		19022912	Valtrex	
VANCOMYCIN INJ	ing			
VARIVAX II		19007678	Varivax	
VARIVAX REFRIGERATED		19007678	Varivax	
VASOCARDOL CD		43254454	Vasocardol	
VECURONIUM BROMIDE	ing			
VENLAFAXINE SANDOZ XR		40818960	Venlafaxin Sandoz	
VENTOLIN CFC-FREE		44021984	Ventolin	
VENTOLIN DISKS		44021984	Ventolin	
VENTOLIN OBSTETRIC INJ.		44021984	Ventolin	
VERMOX CHOC CHEWS		19044549	Vermox	
VICKS FORMULA 44 FOR CHESTY COUGH		19052192	Vicks 44 Cough Medicine	
VICKS FORMULA 44 FOR DRY COUGH		19052192	Vicks 44 Cough Medicine	
VICKS SINEX METERED PUMP REFILL		43128412	VICKS	
VICKS VAPOSTEAM DOUBLE STRENGTH		43128412	VICKS	
VIRA A OPHTHALMIC		19043718	Vira-A	
VISCOTEARS LIQUID GEL		43254446	Viscotears	
VISCOTEARS LIQUID GEL SDU		43254446	Viscotears	
VISINE ADVANCED RELIEF WITH 3 LUBRICANTS		19088883	Visine	
VISINE ALLERGY		19088883	Visine	
VISINE CLEAR		19088883	Visine	
VISINE PROFESSIONAL INTENSIVE DRY EYE LIQUID GEL DROP		19088883	Visine	
VISTIL FORTE		43254458	Vistil	
VIT E 500		44022291	Vit E	
VITA-POS		40819824	Vita Pos	
VITAMIN A	ing			
VITAMIN A 5,000	ing			
VITAMIN B12	ing			
VITAMIN B12 INJECTION	ing			
VITAMIN C	ing			
VITAMIN C 500MG	ing			
VITAMIN C POWDER	ing			
VITAMIN D	ing			
VITAMIN D3	ing			
VITAMIN D3 1000 IU	ing			
VITAMIN D3 1000IU & VITAMIN K1 25MCG	ing			
VITAMIN K	ing			
VITAPLEX B		44022153	Vitaplex	
VITAPLEX EFFERVESCENT CALCIUM + ISOFLAVONE		44022153	Vitaplex	
VITAPLEX GINSENG 2500		44022153	Vitaplex	
VITAPLEX SUPA BOOST		44022153	Vitaplex	
VIVOTIF ORAL		19023215	Vivotif	
VOLTAFLEX PLUS		43130277	VOLTAFLEX	
VOLTAREN OSTEO		19044580	Voltaren	
VOLTAREN OSTEO 12 HOURLY		19044580	Voltaren	
VOLTAREN RAPID		19044580	Voltaren	
VOLTAREN RAPID 12.5		19044580	Voltaren	
VOSOL COMPLETE CARE FOR SWIMMERS EAR		43254368	Vosol Complete Care For Swimmer'S Ear	
WART-OFF STICK		43254384	Wart-Off	
WILD YAM	ing			
XANAX TRI-SCORE		19041942	Xanax	
XIGDUO XR		45775387	Xigduo	
XYLOCAINE ADHESIVE SPECIAL		19042223	Xylocaine	
XYLOCAINE DENTAL		19042223	Xylocaine	
XYLOCAINE JELLY WITH CHLORHEXIDINE		19042223	Xylocaine	
YAZ FLEX		19088547	Yaz	
Z.S.C.		43254483	Zsc	
ZAN-EXTRA 10/10		43254374	Zan-Extra	
ZAN-EXTRA 10/20		43254374	Zan-Extra	
ZANTAC EFFERVESCENT		19023014	Zantac	
ZANTAC LIQUID		19023014	Zantac	
ZANTAC RELIEF		19023014	Zantac	
ZATAMIL HYDROGEL		43254386	Zatamil	
ZEASORB POWDER		43560679	Zeasorb	
ZINC CITRATE	ing			
ZINVIT C-250		43254426	Zinvit	
ZINVIT G		43254426	Zinvit	
ZOFRAN ORAL LIQUID		19000633	Zofran	
ZOLACOS CP		43254441	Zolacos	
ZOLADEX SAFESYSTEM		19079531	Zoladex	
ZOPRAL ODT		43254476	Zopral	
ZOVIRAX INFUSION		19023073	Zovirax	
ZOVIRAX INVISISEAL		19023073	Zovirax	
ZYLAP ODT		43254376	Zylap	
ZYPREXA RELPREVV		19015934	Zyprexa	
ZYRTEC FASTMELTS		19015934	Zyprexa	
ZYRTEC LEVOCABASTINE		19015934	Zyprexa	
ZYRTEC ORAL DROPS		19080316	Zyrtec	
ZYRTEC PLUS DECONGESTANT		19080316	Zyrtec	
